arch,score,bias,rho_seed,unreliability
convnext_femto,ce_loss,-0.04954999999999998,0.7085168457456318,0.2914831542543682
convnext_femto,entropy,-0.008050000000000057,0.4366936701461529,0.5633063298538471
convnext_femto,margin,-0.009399999999999964,0.455309078702944,0.544690921297056
convnext_femto,msp,-0.008850000000000025,0.4405506601301094,0.5594493398698905
convnext_femto,pred_depth,-0.0005499999999999949,0.5876715153308604,0.4123284846691396
mixer_nano,ce_loss,-0.0403,0.6466745967917187,0.3533254032082813
mixer_nano,entropy,-0.005299999999999971,0.2068170316301985,0.7931829683698015
mixer_nano,margin,-0.005750000000000033,0.2450001034495215,0.7549998965504785
mixer_nano,msp,-0.005049999999999999,0.2167349414570143,0.7832650585429857
mixer_nano,pred_depth,0.008550000000000002,0.4319086536690268,0.5680913463309731
mobilenetv2,ce_loss,-0.008150000000000046,0.8742248360961034,0.12577516390389665
mobilenetv2,entropy,-0.0014500000000000068,0.830388753987513,0.169611246012487
mobilenetv2,margin,-0.0020499999999999963,0.7517720016923187,0.24822799830768127
mobilenetv2,msp,-0.0020999999999999908,0.7905174170588097,0.20948258294119027
mobilenetv2,pred_depth,0.005400000000000016,0.6136087004521577,0.38639129954784235
resnet110,ce_loss,-0.055999999999999994,0.8012200346040195,0.19877996539598053
resnet110,entropy,-0.016599999999999948,0.7284824744975665,0.27151752550243347
resnet110,margin,-0.019100000000000034,0.6896082456449939,0.3103917543550061
resnet110,msp,-0.017499999999999988,0.7064754117187458,0.29352458828125416
resnet110,pred_depth,9.999999999993348e-05,0.5750457704492125,0.42495422955078754
resnet20,ce_loss,-0.04799999999999999,0.8323161876974111,0.16768381230258889
resnet20,entropy,-0.009749999999999981,0.777559336222482,0.22244066377751803
resnet20,margin,-0.015149999999999969,0.7045902969615626,0.2954097030384374
resnet20,msp,-0.014250000000000013,0.7394379636241414,0.2605620363758586
resnet20,pred_depth,0.0016000000000000458,0.5723503104248536,0.4276496895751464
resnet32x4,ce_loss,-0.018000000000000016,0.7085479621400704,0.29145203785992957
resnet32x4,entropy,-0.007249999999999979,0.6245342893527589,0.3754657106472411
resnet32x4,margin,-0.006000000000000005,0.5970177022430813,0.40298229775691874
resnet32x4,msp,-0.006900000000000017,0.613651915569819,0.386348084430181
resnet32x4,pred_depth,-0.0021499999999999853,0.5307666583763274,0.4692333416236726
resnet56,ce_loss,-0.05509999999999998,0.8152172802096219,0.18478271979037808
resnet56,entropy,-0.012649999999999967,0.7478531138884895,0.2521468861115105
resnet56,margin,-0.018250000000000044,0.7058370710215716,0.29416292897842844
resnet56,msp,-0.01755000000000001,0.7244336556479358,0.2755663443520642
resnet56,pred_depth,0.0033500000000000196,0.5788203767019665,0.4211796232980335
resnet8x4,ce_loss,-0.007799999999999974,0.8698498614754456,0.13015013852455437
resnet8x4,entropy,-0.003649999999999931,0.828992451769194,0.171007548230806
resnet8x4,margin,-0.0031999999999999806,0.7696218499800068,0.23037815001999318
resnet8x4,msp,-0.003000000000000058,0.797395225481309,0.20260477451869097
resnet8x4,pred_depth,0.0007000000000000339,0.5990246151017286,0.40097538489827145
shufflenetv2,ce_loss,-0.01090000000000002,0.8485263764342393,0.15147362356576066
shufflenetv2,entropy,-0.0028499999999999637,0.793498832953266,0.20650116704673405
shufflenetv2,margin,-0.0040999999999999925,0.732386570905672,0.26761342909432795
shufflenetv2,msp,-0.00385000000000002,0.7606030066942892,0.23939699330571085
shufflenetv2,pred_depth,0.0047000000000000375,0.5866500274789276,0.4133499725210724
vgg13,ce_loss,-0.024800000000000044,0.7447894797823563,0.2552105202176437
vgg13,entropy,-0.00019999999999997797,0.6600595901590851,0.3399404098409149
vgg13,margin,-0.0005000000000000004,0.6197179622037766,0.3802820377962234
vgg13,msp,0.00014999999999998348,0.6419758829462784,0.3580241170537216
vgg13,pred_depth,0.0027000000000000357,0.4994655880910392,0.5005344119089608
vgg8,ce_loss,-0.016249999999999987,0.8663958357379936,0.1336041642620064
vgg8,entropy,0.0,0.8125984590513596,0.18740154094864037
vgg8,margin,0.0002500000000000835,0.7636769164042114,0.23632308359578857
vgg8,msp,0.00014999999999998348,0.7855459126616245,0.21445408733837545
vgg8,pred_depth,-0.0010999999999999899,0.6220056039001618,0.3779943960998382
vit_tiny,ce_loss,-0.01920000000000005,0.6731827034124825,0.32681729658751746
vit_tiny,entropy,-0.0047000000000000375,0.282841619646844,0.717158380353156
vit_tiny,margin,-0.005400000000000071,0.3097580672891124,0.6902419327108875
vit_tiny,msp,-0.0049000000000000155,0.2886462369063233,0.7113537630936767
vit_tiny,pred_depth,-0.0007000000000000339,0.4641607259455902,0.5358392740544098
wrn_16_2,ce_loss,-0.04600000000000001,0.7691246102918354,0.23087538970816457
wrn_16_2,entropy,-0.015050000000000008,0.7002539491235602,0.2997460508764398
wrn_16_2,margin,-0.01949999999999999,0.6280787777270804,0.37192122227291957
wrn_16_2,msp,-0.018949999999999995,0.6644694724674859,0.3355305275325141
wrn_16_2,pred_depth,4.999999999999449e-05,0.4884969748644288,0.5115030251355712
wrn_40_1,ce_loss,-0.039099999999999996,0.7411170990688886,0.25888290093111144
wrn_40_1,entropy,-0.015149999999999969,0.6563128423762077,0.3436871576237923
wrn_40_1,margin,-0.018449999999999994,0.588054951565212,0.41194504843478796
wrn_40_1,msp,-0.019100000000000006,0.6247365691126514,0.3752634308873486
wrn_40_1,pred_depth,-0.0014500000000000068,0.4575239629973382,0.5424760370026618
wrn_40_2,ce_loss,-0.027349999999999985,0.786842237236412,0.213157762763588
wrn_40_2,entropy,-0.010299999999999976,0.7127872652507028,0.2872127347492972
wrn_40_2,margin,-0.011400000000000077,0.6948824141001467,0.30511758589985327
wrn_40_2,msp,-0.011550000000000005,0.7031041207683814,0.29689587923161864
wrn_40_2,pred_depth,0.000250000000000028,0.6111169611855776,0.38888303881442243
