target_rho,arch,score,headroom
0.4,convnext_femto,msp,-7.490000000000002
0.4,convnext_femto,margin,-7.470000000000004
0.4,convnext_femto,entropy,-7.480000000000003
0.4,convnext_femto,ce_loss,-10.470000000000002
0.4,convnext_femto,pred_depth,-5.520000000000003
0.4,mixer_nano,msp,-4.219999999999999
0.4,mixer_nano,margin,-4.399999999999999
0.4,mixer_nano,entropy,-4.129999999999997
0.4,mixer_nano,ce_loss,-6.879999999999997
0.4,mixer_nano,pred_depth,-4.229999999999998
0.4,mobilenetv2,msp,-8.639999999999997
0.4,mobilenetv2,margin,-8.189999999999998
0.4,mobilenetv2,entropy,-8.77
0.4,mobilenetv2,ce_loss,-10.270000000000001
0.4,mobilenetv2,pred_depth,-5.209999999999998
0.4,resnet110,msp,-4.819999999999999
0.4,resnet110,margin,-4.509999999999997
0.4,resnet110,entropy,-4.579999999999998
0.4,resnet110,ce_loss,-5.579999999999999
0.4,resnet110,pred_depth,-4.249999999999998
0.4,resnet20,msp,-4.720000000000002
0.4,resnet20,margin,-4.290000000000002
0.4,resnet20,entropy,-4.950000000000002
0.4,resnet20,ce_loss,-5.590000000000001
0.4,resnet20,pred_depth,-3.3300000000000023
0.4,resnet32x4,msp,-7.46
0.4,resnet32x4,margin,-7.219999999999999
0.4,resnet32x4,entropy,-7.669999999999999
0.4,resnet32x4,ce_loss,-9.670000000000002
0.4,resnet32x4,pred_depth,-3.9800000000000004
0.4,resnet56,msp,-5.8999999999999995
0.4,resnet56,margin,-5.5500000000000025
0.4,resnet56,entropy,-6.25
0.4,resnet56,ce_loss,-6.470000000000001
0.4,resnet56,pred_depth,-4.000000000000001
0.4,resnet8x4,msp,-5.979999999999997
0.4,resnet8x4,margin,-5.8
0.4,resnet8x4,entropy,-5.959999999999999
0.4,resnet8x4,ce_loss,-7.400000000000001
0.4,resnet8x4,pred_depth,-1.2799999999999978
0.4,shufflenetv2,msp,-9.300000000000002
0.4,shufflenetv2,margin,-8.870000000000001
0.4,shufflenetv2,entropy,-9.32
0.4,shufflenetv2,ce_loss,-11.249999999999998
0.4,shufflenetv2,pred_depth,-4.9399999999999995
0.4,vgg13,msp,-7.679999999999998
0.4,vgg13,margin,-7.589999999999996
0.4,vgg13,entropy,-7.779999999999998
0.4,vgg13,ce_loss,-10.03
0.4,vgg13,pred_depth,-4.99
0.4,vgg8,msp,-10.870000000000001
0.4,vgg8,margin,-10.760000000000003
0.4,vgg8,entropy,-10.950000000000005
0.4,vgg8,ce_loss,-13.230000000000002
0.4,vgg8,pred_depth,-6.609999999999999
0.4,vit_tiny,msp,-4.799999999999999
0.4,vit_tiny,margin,-4.9099999999999975
0.4,vit_tiny,entropy,-4.779999999999996
0.4,vit_tiny,ce_loss,-7.599999999999996
0.4,vit_tiny,pred_depth,-3.939999999999999
0.4,wrn_16_2,msp,-6.1099999999999985
0.4,wrn_16_2,margin,-5.459999999999998
0.4,wrn_16_2,entropy,-6.2299999999999995
0.4,wrn_16_2,ce_loss,-7.369999999999999
0.4,wrn_16_2,pred_depth,-3.269999999999998
0.4,wrn_40_1,msp,-4.429999999999998
0.4,wrn_40_1,margin,-4.219999999999999
0.4,wrn_40_1,entropy,-4.619999999999999
0.4,wrn_40_1,ce_loss,-5.159999999999998
0.4,wrn_40_1,pred_depth,-3.4399999999999986
0.4,wrn_40_2,msp,-5.75
0.4,wrn_40_2,margin,-5.6800000000000015
0.4,wrn_40_2,entropy,-5.85
0.4,wrn_40_2,ce_loss,-6.609999999999999
0.4,wrn_40_2,pred_depth,-3.83
0.5,convnext_femto,msp,-8.479999999999999
0.5,convnext_femto,margin,-8.640000000000004
0.5,convnext_femto,entropy,-8.17
0.5,convnext_femto,ce_loss,-11.680000000000001
0.5,convnext_femto,pred_depth,-6.05
0.5,mixer_nano,msp,-4.2200000000000015
0.5,mixer_nano,margin,-4.520000000000001
0.5,mixer_nano,entropy,-4.1899999999999995
0.5,mixer_nano,ce_loss,-8.05
0.5,mixer_nano,pred_depth,-4.9300000000000015
0.5,mobilenetv2,msp,-10.400000000000004
0.5,mobilenetv2,margin,-10.120000000000001
0.5,mobilenetv2,entropy,-10.610000000000003
0.5,mobilenetv2,ce_loss,-13.020000000000003
0.5,mobilenetv2,pred_depth,-5.620000000000003
0.5,resnet110,msp,-8.37
0.5,resnet110,margin,-8.219999999999999
0.5,resnet110,entropy,-8.68
0.5,resnet110,ce_loss,-9.76
0.5,resnet110,pred_depth,-6.4
0.5,resnet20,msp,-8.129999999999999
0.5,resnet20,margin,-7.839999999999997
0.5,resnet20,entropy,-8.309999999999999
0.5,resnet20,ce_loss,-9.809999999999997
0.5,resnet20,pred_depth,-4.959999999999997
0.5,resnet32x4,msp,-9.839999999999998
0.5,resnet32x4,margin,-9.670000000000002
0.5,resnet32x4,entropy,-9.589999999999998
0.5,resnet32x4,ce_loss,-12.09
0.5,resnet32x4,pred_depth,-4.830000000000001
0.5,resnet56,msp,-8.649999999999999
0.5,resnet56,margin,-8.53
0.5,resnet56,entropy,-8.719999999999997
0.5,resnet56,ce_loss,-10.479999999999997
0.5,resnet56,pred_depth,-5.169999999999996
0.5,resnet8x4,msp,-8.429999999999998
0.5,resnet8x4,margin,-7.939999999999997
0.5,resnet8x4,entropy,-8.339999999999998
0.5,resnet8x4,ce_loss,-10.08
0.5,resnet8x4,pred_depth,-2.679999999999999
0.5,shufflenetv2,msp,-10.239999999999998
0.5,shufflenetv2,margin,-10.19
0.5,shufflenetv2,entropy,-10.139999999999999
0.5,shufflenetv2,ce_loss,-12.919999999999998
0.5,shufflenetv2,pred_depth,-5.29
0.5,vgg13,msp,-9.100000000000003
0.5,vgg13,margin,-9.27
0.5,vgg13,entropy,-9.120000000000001
0.5,vgg13,ce_loss,-11.39
0.5,vgg13,pred_depth,-5.100000000000005
0.5,vgg8,msp,-11.09
0.5,vgg8,margin,-11.080000000000002
0.5,vgg8,entropy,-11.249999999999998
0.5,vgg8,ce_loss,-13.3
0.5,vgg8,pred_depth,-4.74
0.5,vit_tiny,msp,-4.5000000000000036
0.5,vit_tiny,margin,-4.800000000000004
0.5,vit_tiny,entropy,-4.410000000000003
0.5,vit_tiny,ce_loss,-6.959999999999999
0.5,vit_tiny,pred_depth,-2.5500000000000025
0.5,wrn_16_2,msp,-7.819999999999999
0.5,wrn_16_2,margin,-7.229999999999998
0.5,wrn_16_2,entropy,-8.14
0.5,wrn_16_2,ce_loss,-10.020000000000001
0.5,wrn_16_2,pred_depth,-4.780000000000001
0.5,wrn_40_1,msp,-6.999999999999998
0.5,wrn_40_1,margin,-7.009999999999997
0.5,wrn_40_1,entropy,-7.269999999999999
0.5,wrn_40_1,ce_loss,-8.569999999999997
0.5,wrn_40_1,pred_depth,-4.859999999999998
0.5,wrn_40_2,msp,-9.03
0.5,wrn_40_2,margin,-9.03
0.5,wrn_40_2,entropy,-8.899999999999997
0.5,wrn_40_2,ce_loss,-10.69
0.5,wrn_40_2,pred_depth,-5.809999999999999
0.6,convnext_femto,msp,-7.740000000000002
0.6,convnext_femto,margin,-7.750000000000002
0.6,convnext_femto,entropy,-7.66
0.6,convnext_femto,ce_loss,-10.260000000000002
0.6,convnext_femto,pred_depth,-4.03
0.6,mixer_nano,msp,-4.949999999999999
0.6,mixer_nano,margin,-5.220000000000002
0.6,mixer_nano,entropy,-4.949999999999999
0.6,mixer_nano,ce_loss,-8.390000000000002
0.6,mixer_nano,pred_depth,-3.720000000000001
0.6,mobilenetv2,msp,-11.060000000000002
0.6,mobilenetv2,margin,-10.860000000000003
0.6,mobilenetv2,entropy,-11.080000000000007
0.6,mobilenetv2,ce_loss,-13.630000000000003
0.6,mobilenetv2,pred_depth,-4.0000000000000036
0.6,resnet110,msp,-11.620000000000003
0.6,resnet110,margin,-11.509999999999998
0.6,resnet110,entropy,-11.74
0.6,resnet110,ce_loss,-12.930000000000003
0.6,resnet110,pred_depth,-7.190000000000002
0.6,resnet20,msp,-10.73
0.6,resnet20,margin,-10.470000000000002
0.6,resnet20,entropy,-10.849999999999998
0.6,resnet20,ce_loss,-12.36
0.6,resnet20,pred_depth,-5.8
0.6,resnet32x4,msp,-10.589999999999995
0.6,resnet32x4,margin,-10.759999999999991
0.6,resnet32x4,entropy,-10.659999999999997
0.6,resnet32x4,ce_loss,-12.479999999999997
0.6,resnet32x4,pred_depth,-4.74
0.6,resnet56,msp,-10.560000000000002
0.6,resnet56,margin,-10.620000000000001
0.6,resnet56,entropy,-10.460000000000003
0.6,resnet56,ce_loss,-11.99
0.6,resnet56,pred_depth,-5.480000000000001
0.6,resnet8x4,msp,-8.119999999999994
0.6,resnet8x4,margin,-8.099999999999996
0.6,resnet8x4,entropy,-8.069999999999993
0.6,resnet8x4,ce_loss,-10.309999999999997
0.6,resnet8x4,pred_depth,-3.1999999999999917
0.6,shufflenetv2,msp,-10.429999999999994
0.6,shufflenetv2,margin,-10.409999999999997
0.6,shufflenetv2,entropy,-10.08
0.6,shufflenetv2,ce_loss,-12.14
0.6,shufflenetv2,pred_depth,-5.030000000000001
0.6,vgg13,msp,-8.830000000000005
0.6,vgg13,margin,-8.690000000000008
0.6,vgg13,entropy,-8.540000000000003
0.6,vgg13,ce_loss,-10.430000000000007
0.6,vgg13,pred_depth,-4.150000000000009
0.6,vgg8,msp,-10.06999999999999
0.6,vgg8,margin,-10.139999999999993
0.6,vgg8,entropy,-9.989999999999998
0.6,vgg8,ce_loss,-11.699999999999994
0.6,vgg8,pred_depth,-3.8799999999999946
0.6,vit_tiny,msp,-4.519999999999991
0.6,vit_tiny,margin,-4.859999999999998
0.6,vit_tiny,entropy,-4.499999999999993
0.6,vit_tiny,ce_loss,-6.419999999999998
0.6,vit_tiny,pred_depth,-3.1499999999999972
0.6,wrn_16_2,msp,-9.29
0.6,wrn_16_2,margin,-8.77
0.6,wrn_16_2,entropy,-9.000000000000002
0.6,wrn_16_2,ce_loss,-11.23
0.6,wrn_16_2,pred_depth,-4.599999999999999
0.6,wrn_40_1,msp,-10.08
0.6,wrn_40_1,margin,-9.68
0.6,wrn_40_1,entropy,-9.950000000000003
0.6,wrn_40_1,ce_loss,-11.880000000000003
0.6,wrn_40_1,pred_depth,-6.290000000000001
0.6,wrn_40_2,msp,-11.64
0.6,wrn_40_2,margin,-11.700000000000005
0.6,wrn_40_2,entropy,-11.680000000000001
0.6,wrn_40_2,ce_loss,-13.65
0.6,wrn_40_2,pred_depth,-6.790000000000002
0.7,convnext_femto,msp,-6.969999999999999
0.7,convnext_femto,margin,-7.0699999999999985
0.7,convnext_femto,entropy,-6.65
0.7,convnext_femto,ce_loss,-9.650000000000002
0.7,convnext_femto,pred_depth,-2.9299999999999993
0.7,mixer_nano,msp,-6.220000000000003
0.7,mixer_nano,margin,-6.4
0.7,mixer_nano,entropy,-6.070000000000003
0.7,mixer_nano,ce_loss,-11.13
0.7,mixer_nano,pred_depth,-3.889999999999999
0.7,mobilenetv2,msp,-10.29
0.7,mobilenetv2,margin,-10.360000000000003
0.7,mobilenetv2,entropy,-10.190000000000005
0.7,mobilenetv2,ce_loss,-12.6
0.7,mobilenetv2,pred_depth,-3.310000000000002
0.7,resnet110,msp,-11.679999999999996
0.7,resnet110,margin,-11.509999999999998
0.7,resnet110,entropy,-11.569999999999997
0.7,resnet110,ce_loss,-13.339999999999996
0.7,resnet110,pred_depth,-5.959999999999999
0.7,resnet20,msp,-11.2
0.7,resnet20,margin,-11.099999999999998
0.7,resnet20,entropy,-11.129999999999995
0.7,resnet20,ce_loss,-13.229999999999997
0.7,resnet20,pred_depth,-4.779999999999996
0.7,resnet32x4,msp,-9.110000000000007
0.7,resnet32x4,margin,-9.520000000000007
0.7,resnet32x4,entropy,-9.240000000000004
0.7,resnet32x4,ce_loss,-10.150000000000004
0.7,resnet32x4,pred_depth,-4.649999999999999
0.7,resnet56,msp,-11.640000000000006
0.7,resnet56,margin,-11.390000000000006
0.7,resnet56,entropy,-11.780000000000001
0.7,resnet56,ce_loss,-13.320000000000004
0.7,resnet56,pred_depth,-4.850000000000004
0.7,resnet8x4,msp,-6.979999999999997
0.7,resnet8x4,margin,-6.990000000000007
0.7,resnet8x4,entropy,-6.720000000000004
0.7,resnet8x4,ce_loss,-8.589999999999998
0.7,resnet8x4,pred_depth,-2.5700000000000056
0.7,shufflenetv2,msp,-8.419999999999995
0.7,shufflenetv2,margin,-8.429999999999993
0.7,shufflenetv2,entropy,-8.360000000000001
0.7,shufflenetv2,ce_loss,-9.670000000000002
0.7,shufflenetv2,pred_depth,-3.7799999999999945
0.7,vgg13,msp,-7.15
0.7,vgg13,margin,-7.609999999999994
0.7,vgg13,entropy,-6.740000000000002
0.7,vgg13,ce_loss,-8.289999999999997
0.7,vgg13,pred_depth,-3.9100000000000024
0.7,vgg8,msp,-7.790000000000008
0.7,vgg8,margin,-7.9000000000000075
0.7,vgg8,entropy,-7.779999999999998
0.7,vgg8,ce_loss,-8.630000000000004
0.7,vgg8,pred_depth,-2.629999999999999
0.7,vit_tiny,msp,-3.849999999999998
0.7,vit_tiny,margin,-3.8799999999999946
0.7,vit_tiny,entropy,-3.7999999999999923
0.7,vit_tiny,ce_loss,-4.9300000000000015
0.7,vit_tiny,pred_depth,-2.1299999999999986
0.7,wrn_16_2,msp,-9.229999999999993
0.7,wrn_16_2,margin,-9.499999999999996
0.7,wrn_16_2,entropy,-9.089999999999993
0.7,wrn_16_2,ce_loss,-11.989999999999995
0.7,wrn_16_2,pred_depth,-4.569999999999997
0.7,wrn_40_1,msp,-11.690000000000001
0.7,wrn_40_1,margin,-11.770000000000003
0.7,wrn_40_1,entropy,-11.750000000000005
0.7,wrn_40_1,ce_loss,-13.96
0.7,wrn_40_1,pred_depth,-6.270000000000003
0.7,wrn_40_2,msp,-12.420000000000003
0.7,wrn_40_2,margin,-12.420000000000003
0.7,wrn_40_2,entropy,-12.270000000000003
0.7,wrn_40_2,ce_loss,-14.500000000000002
0.7,wrn_40_2,pred_depth,-5.7700000000000085
0.8,convnext_femto,msp,-5.9300000000000015
0.8,convnext_femto,margin,-5.830000000000002
0.8,convnext_femto,entropy,-5.910000000000004
0.8,convnext_femto,ce_loss,-7.599999999999996
0.8,convnext_femto,pred_depth,-2.300000000000002
0.8,mixer_nano,msp,-5.730000000000002
0.8,mixer_nano,margin,-6.190000000000001
0.8,mixer_nano,entropy,-5.820000000000003
0.8,mixer_nano,ce_loss,-9.390000000000004
0.8,mixer_nano,pred_depth,-4.110000000000003
0.8,mobilenetv2,msp,-7.369999999999999
0.8,mobilenetv2,margin,-7.359999999999999
0.8,mobilenetv2,entropy,-7.140000000000002
0.8,mobilenetv2,ce_loss,-7.940000000000003
0.8,mobilenetv2,pred_depth,-2.2699999999999942
0.8,resnet110,msp,-10.009999999999996
0.8,resnet110,margin,-10.119999999999996
0.8,resnet110,entropy,-9.879999999999999
0.8,resnet110,ce_loss,-11.89
0.8,resnet110,pred_depth,-3.3599999999999963
0.8,resnet20,msp,-10.119999999999996
0.8,resnet20,margin,-10.29
0.8,resnet20,entropy,-9.599999999999998
0.8,resnet20,ce_loss,-11.719999999999997
0.8,resnet20,pred_depth,-3.489999999999993
0.8,resnet32x4,msp,-6.330000000000002
0.8,resnet32x4,margin,-6.309999999999993
0.8,resnet32x4,entropy,-6.2999999999999945
0.8,resnet32x4,ce_loss,-6.15
0.8,resnet32x4,pred_depth,-4.749999999999998
0.8,resnet56,msp,-9.229999999999993
0.8,resnet56,margin,-9.05999999999999
0.8,resnet56,entropy,-9.019999999999994
0.8,resnet56,ce_loss,-10.909999999999997
0.8,resnet56,pred_depth,-3.0299999999999994
0.8,resnet8x4,msp,-5.140000000000001
0.8,resnet8x4,margin,-5.2100000000000035
0.8,resnet8x4,entropy,-5.010000000000003
0.8,resnet8x4,ce_loss,-5.659999999999998
0.8,resnet8x4,pred_depth,-2.4800000000000044
0.8,shufflenetv2,msp,-5.220000000000002
0.8,shufflenetv2,margin,-5.2700000000000085
0.8,shufflenetv2,entropy,-5.230000000000001
0.8,shufflenetv2,ce_loss,-5.790000000000006
0.8,shufflenetv2,pred_depth,-2.500000000000002
0.8,vgg13,msp,-4.680000000000007
0.8,vgg13,margin,-4.920000000000002
0.8,vgg13,entropy,-4.600000000000004
0.8,vgg13,ce_loss,-5.190000000000006
0.8,vgg13,pred_depth,-3.060000000000007
0.8,vgg8,msp,-4.23
0.8,vgg8,margin,-4.159999999999997
0.8,vgg8,entropy,-4.149999999999999
0.8,vgg8,ce_loss,-4.469999999999996
0.8,vgg8,pred_depth,-1.4000000000000012
0.8,vit_tiny,msp,-2.649999999999997
0.8,vit_tiny,margin,-2.5899999999999923
0.8,vit_tiny,entropy,-2.639999999999998
0.8,vit_tiny,ce_loss,-3.1299999999999994
0.8,vit_tiny,pred_depth,-0.9199999999999986
0.8,wrn_16_2,msp,-7.580000000000009
0.8,wrn_16_2,margin,-7.530000000000003
0.8,wrn_16_2,entropy,-7.390000000000008
0.8,wrn_16_2,ce_loss,-9.28
0.8,wrn_16_2,pred_depth,-3.9900000000000047
0.8,wrn_40_1,msp,-11.319999999999997
0.8,wrn_40_1,margin,-11.369999999999997
0.8,wrn_40_1,entropy,-11.24
0.8,wrn_40_1,ce_loss,-13.179999999999998
0.8,wrn_40_1,pred_depth,-4.64
0.8,wrn_40_2,msp,-10.830000000000005
0.8,wrn_40_2,margin,-10.910000000000009
0.8,wrn_40_2,entropy,-10.860000000000003
0.8,wrn_40_2,ce_loss,-12.270000000000003
0.8,wrn_40_2,pred_depth,-4.2200000000000015
0.9,convnext_femto,msp,-2.749999999999997
0.9,convnext_femto,margin,-2.7799999999999936
0.9,convnext_femto,entropy,-2.7899999999999925
0.9,convnext_femto,ce_loss,-3.61999999999999
0.9,convnext_femto,pred_depth,-1.2299999999999978
0.9,mixer_nano,msp,-4.710000000000003
0.9,mixer_nano,margin,-4.600000000000004
0.9,mixer_nano,entropy,-4.689999999999994
0.9,mixer_nano,ce_loss,-6.779999999999998
0.9,mixer_nano,pred_depth,-2.290000000000003
0.9,mobilenetv2,msp,-3.390000000000004
0.9,mobilenetv2,margin,-3.490000000000004
0.9,mobilenetv2,entropy,-3.3500000000000085
0.9,mobilenetv2,ce_loss,-3.4299999999999997
0.9,mobilenetv2,pred_depth,-1.440000000000008
0.9,resnet110,msp,-6.159999999999998
0.9,resnet110,margin,-6.2999999999999945
0.9,resnet110,entropy,-6.05
0.9,resnet110,ce_loss,-6.499999999999995
0.9,resnet110,pred_depth,-2.2499999999999964
0.9,resnet20,msp,-5.890000000000006
0.9,resnet20,margin,-6.020000000000003
0.9,resnet20,entropy,-5.720000000000002
0.9,resnet20,ce_loss,-6.169999999999998
0.9,resnet20,pred_depth,-1.550000000000007
0.9,resnet32x4,msp,-2.200000000000002
0.9,resnet32x4,margin,-2.210000000000001
0.9,resnet32x4,entropy,-2.2299999999999986
0.9,resnet32x4,ce_loss,-2.1399999999999975
0.9,resnet32x4,pred_depth,-2.639999999999998
0.9,resnet56,msp,-4.5899999999999945
0.9,resnet56,margin,-4.679999999999995
0.9,resnet56,entropy,-4.519999999999991
0.9,resnet56,ce_loss,-5.0299999999999905
0.9,resnet56,pred_depth,-2.0399999999999974
0.9,resnet8x4,msp,-2.0999999999999908
0.9,resnet8x4,margin,-2.1599999999999953
0.9,resnet8x4,entropy,-2.089999999999992
0.9,resnet8x4,ce_loss,-2.1399999999999975
0.9,resnet8x4,pred_depth,-1.31
0.9,shufflenetv2,msp,-1.9100000000000006
0.9,shufflenetv2,margin,-1.9299999999999984
0.9,shufflenetv2,entropy,-1.9100000000000006
0.9,shufflenetv2,ce_loss,-1.9400000000000084
0.9,shufflenetv2,pred_depth,-1.31
0.9,vgg13,msp,-1.5600000000000058
0.9,vgg13,margin,-1.6900000000000026
0.9,vgg13,entropy,-1.529999999999998
0.9,vgg13,ce_loss,-1.5000000000000013
0.9,vgg13,pred_depth,-1.7199999999999993
0.9,vgg8,msp,-0.9699999999999931
0.9,vgg8,margin,-1.0199999999999987
0.9,vgg8,entropy,-0.9299999999999975
0.9,vgg8,ce_loss,-1.0399999999999965
0.9,vgg8,pred_depth,-0.5800000000000027
0.9,vit_tiny,msp,-1.1500000000000066
0.9,vit_tiny,margin,-1.1399999999999966
0.9,vit_tiny,entropy,-1.1199999999999988
0.9,vit_tiny,ce_loss,-1.4700000000000046
0.9,vit_tiny,pred_depth,-0.17000000000000348
0.9,wrn_16_2,msp,-4.810000000000003
0.9,wrn_16_2,margin,-4.9900000000000055
0.9,wrn_16_2,entropy,-4.64
0.9,wrn_16_2,ce_loss,-4.9399999999999995
0.9,wrn_16_2,pred_depth,-3.1499999999999972
0.9,wrn_40_1,msp,-7.250000000000001
0.9,wrn_40_1,margin,-7.339999999999991
0.9,wrn_40_1,entropy,-7.2199999999999935
0.9,wrn_40_1,ce_loss,-7.46
0.9,wrn_40_1,pred_depth,-2.169999999999994
0.9,wrn_40_2,msp,-5.929999999999991
0.9,wrn_40_2,margin,-5.85
0.9,wrn_40_2,entropy,-5.969999999999997
0.9,wrn_40_2,ce_loss,-6.109999999999993
0.9,wrn_40_2,pred_depth,-2.089999999999992
0.95,convnext_femto,msp,-1.3499999999999956
0.95,convnext_femto,margin,-1.3399999999999967
0.95,convnext_femto,entropy,-1.4000000000000012
0.95,convnext_femto,ce_loss,-1.7799999999999927
0.95,convnext_femto,pred_depth,-0.7699999999999929
0.95,mixer_nano,msp,-2.6800000000000046
0.95,mixer_nano,margin,-2.7900000000000036
0.95,mixer_nano,entropy,-2.739999999999998
0.95,mixer_nano,ce_loss,-4.430000000000001
0.95,mixer_nano,pred_depth,-1.0500000000000065
0.95,mobilenetv2,msp,-1.0800000000000032
0.95,mobilenetv2,margin,-1.1700000000000044
0.95,mobilenetv2,entropy,-1.0000000000000009
0.95,mobilenetv2,ce_loss,-1.090000000000002
0.95,mobilenetv2,pred_depth,-0.6900000000000017
0.95,resnet110,msp,-2.5700000000000056
0.95,resnet110,margin,-2.539999999999998
0.95,resnet110,entropy,-2.529999999999999
0.95,resnet110,ce_loss,-2.639999999999998
0.95,resnet110,pred_depth,-1.4000000000000012
0.95,resnet20,msp,-2.760000000000007
0.95,resnet20,margin,-2.8200000000000003
0.95,resnet20,entropy,-2.6800000000000046
0.95,resnet20,ce_loss,-2.7900000000000036
0.95,resnet20,pred_depth,-0.8099999999999996
0.95,resnet32x4,msp,-0.6299999999999972
0.95,resnet32x4,margin,-0.5999999999999894
0.95,resnet32x4,entropy,-0.5999999999999894
0.95,resnet32x4,ce_loss,-0.5599999999999938
0.95,resnet32x4,pred_depth,-1.3699999999999934
0.95,resnet56,msp,-1.9600000000000062
0.95,resnet56,margin,-2.070000000000005
0.95,resnet56,entropy,-1.970000000000005
0.95,resnet56,ce_loss,-2.0199999999999996
0.95,resnet56,pred_depth,-1.21
0.95,resnet8x4,msp,-0.6800000000000028
0.95,resnet8x4,margin,-0.6700000000000039
0.95,resnet8x4,entropy,-0.660000000000005
0.95,resnet8x4,ce_loss,-0.6800000000000028
0.95,resnet8x4,pred_depth,-0.5000000000000004
0.95,shufflenetv2,msp,-0.45999999999999375
0.95,shufflenetv2,margin,-0.5199999999999982
0.95,shufflenetv2,entropy,-0.45999999999999375
0.95,shufflenetv2,ce_loss,-0.46999999999999265
0.95,shufflenetv2,pred_depth,-0.6900000000000017
0.95,vgg13,msp,-0.44000000000000705
0.95,vgg13,margin,-0.43000000000000815
0.95,vgg13,entropy,-0.37000000000000366
0.95,vgg13,ce_loss,-0.43000000000000815
0.95,vgg13,pred_depth,-0.5800000000000027
0.95,vgg8,msp,-0.08000000000000229
0.95,vgg8,margin,-0.07000000000000339
0.95,vgg8,entropy,-0.04999999999999449
0.95,vgg8,ce_loss,-0.10000000000000009
0.95,vgg8,pred_depth,-0.14999999999999458
0.95,vit_tiny,msp,-0.24000000000000687
0.95,vit_tiny,margin,-0.26000000000000467
0.95,vit_tiny,entropy,-0.26000000000000467
0.95,vit_tiny,ce_loss,-0.6000000000000005
0.95,vit_tiny,pred_depth,0.17999999999999128
0.95,wrn_16_2,msp,-1.9999999999999907
0.95,wrn_16_2,margin,-1.9899999999999918
0.95,wrn_16_2,entropy,-2.0399999999999974
0.95,wrn_16_2,ce_loss,-1.9999999999999907
0.95,wrn_16_2,pred_depth,-1.5999999999999903
0.95,wrn_40_1,msp,-3.739999999999999
0.95,wrn_40_1,margin,-3.720000000000001
0.95,wrn_40_1,entropy,-3.73
0.95,wrn_40_1,ce_loss,-3.7599999999999967
0.95,wrn_40_1,pred_depth,-1.1900000000000022
0.95,wrn_40_2,msp,-2.719999999999989
0.95,wrn_40_2,margin,-2.719999999999989
0.95,wrn_40_2,entropy,-2.70999999999999
0.95,wrn_40_2,ce_loss,-2.759999999999996
0.95,wrn_40_2,pred_depth,-1.0599999999999943
