arch,acc_train,acc_test,gap,frac_conf_over_99,rho_drop
convnext_femto,0.9999333333333333,0.6225333333333333,0.3774,0.7123333333333334,0.5581442704251631
vit_tiny,0.9744666666666667,0.5912666666666667,0.3832,0.3677333333333333,0.5569997598571382
mixer_nano,0.9998666666666667,0.6008333333333333,0.39903333333333335,0.6149333333333333,0.5387695843097474
resnet32x4,0.9419333333333334,0.7644333333333333,0.1775,0.39266666666666666,0.45195351031203235
vgg13,0.9331333333333335,0.7288,0.20433333333333337,0.3705333333333333,0.329925769467711
wrn_40_2,0.9991333333333333,0.7572,0.24193333333333333,0.4050666666666667,0.3082643100122763
vgg8,0.9952,0.7120000000000001,0.28319999999999995,0.3304,0.20236983329894365
resnet110,0.9502666666666667,0.7341666666666667,0.2161,0.283,0.17731762328622058
resnet56,0.9581333333333334,0.7299666666666668,0.22816666666666663,0.2650666666666666,0.10513235056531045
wrn_40_1,0.8363333333333335,0.6879666666666666,0.14836666666666673,0.15706666666666666,0.09533875529419111
wrn_16_2,0.875,0.7069333333333333,0.16806666666666667,0.18566666666666665,0.0922361778125641
shufflenetv2,0.9316,0.7121333333333334,0.21946666666666667,0.2742,0.07452655727785351
resnet8x4,0.9528,0.7247,0.2281,0.33113333333333334,0.07083615254618825
resnet20,0.8610000000000001,0.6954666666666668,0.1655333333333333,0.14726666666666666,0.039681337733042055
mobilenetv2,0.8307333333333333,0.6951999999999999,0.13553333333333337,0.1596,0.025587057786622736
