arch,dataset,score,model_seed,score_seed,in_seed,cross_seed,bias,msp_baseline,headroom_honest
convnext_femto,cifar100,msp,s1,s2,0.5481,0.5525,-0.0043999999999999595,0.6118,-0.05930000000000002
convnext_femto,cifar100,margin,s1,s2,0.5473,0.5535,-0.006199999999999983,0.6118,-0.05830000000000002
convnext_femto,cifar100,entropy,s1,s2,0.55,0.5527,-0.0026999999999999247,0.6118,-0.05910000000000004
convnext_femto,cifar100,ce_loss,s1,s2,0.4844,0.5358,-0.05140000000000006,0.6118,-0.07599999999999996
convnext_femto,cifar100,pred_depth,s1,s2,0.5927,0.5888,0.0039000000000000146,0.6118,-0.02300000000000002
convnext_femto,cifar100,msp,s1,s3,0.5481,0.5564,-0.008299999999999974,0.6118,-0.055400000000000005
convnext_femto,cifar100,margin,s1,s3,0.5473,0.5567,-0.009399999999999964,0.6118,-0.05510000000000004
convnext_femto,cifar100,entropy,s1,s3,0.55,0.5573,-0.007299999999999973,0.6118,-0.05449999999999999
convnext_femto,cifar100,ce_loss,s1,s3,0.4844,0.5321,-0.04770000000000002,0.6118,-0.0797
convnext_femto,cifar100,pred_depth,s1,s3,0.5927,0.5942,-0.0014999999999999458,0.6118,-0.01760000000000006
convnext_femto,cifar100,msp,s2,s1,0.5421,0.5527,-0.010599999999999943,0.6093,-0.056599999999999984
convnext_femto,cifar100,margin,s2,s1,0.5412,0.5521,-0.01090000000000002,0.6093,-0.05719999999999992
convnext_femto,cifar100,entropy,s2,s1,0.5418,0.5524,-0.010600000000000054,0.6093,-0.05689999999999995
convnext_femto,cifar100,ce_loss,s2,s1,0.48,0.5305,-0.05049999999999999,0.6093,-0.07879999999999998
convnext_femto,cifar100,pred_depth,s2,s1,0.5883,0.5911,-0.0027999999999999137,0.6093,-0.018199999999999994
convnext_femto,cifar100,msp,s2,s3,0.5421,0.5487,-0.006599999999999939,0.6093,-0.06059999999999999
convnext_femto,cifar100,margin,s2,s3,0.5412,0.5489,-0.00770000000000004,0.6093,-0.0603999999999999
convnext_femto,cifar100,entropy,s2,s3,0.5418,0.5491,-0.007300000000000084,0.6093,-0.06019999999999992
convnext_femto,cifar100,ce_loss,s2,s3,0.48,0.5282,-0.04820000000000002,0.6093,-0.08109999999999995
convnext_femto,cifar100,pred_depth,s2,s3,0.5883,0.5948,-0.00649999999999995,0.6093,-0.014499999999999957
convnext_femto,cifar100,msp,s3,s1,0.5397,0.5508,-0.011099999999999999,0.602,-0.05120000000000002
convnext_femto,cifar100,margin,s3,s1,0.5392,0.5509,-0.011699999999999933,0.602,-0.051100000000000034
convnext_femto,cifar100,entropy,s3,s1,0.5397,0.5518,-0.0121,0.602,-0.05020000000000002
convnext_femto,cifar100,ce_loss,s3,s1,0.477,0.5256,-0.04859999999999998,0.602,-0.07640000000000002
convnext_femto,cifar100,pred_depth,s3,s1,0.585,0.5846,0.00039999999999995595,0.602,-0.01739999999999997
convnext_femto,cifar100,msp,s3,s2,0.5397,0.5491,-0.009400000000000075,0.602,-0.05289999999999995
convnext_femto,cifar100,margin,s3,s2,0.5392,0.5486,-0.009399999999999964,0.602,-0.0534
convnext_femto,cifar100,entropy,s3,s2,0.5397,0.5485,-0.00880000000000003,0.602,-0.05349999999999999
convnext_femto,cifar100,ce_loss,s3,s2,0.477,0.5288,-0.05180000000000007,0.602,-0.07319999999999993
convnext_femto,cifar100,pred_depth,s3,s2,0.585,0.5805,0.0044999999999999485,0.602,-0.021499999999999964
mixer_nano,cifar100,msp,s1,s2,0.4617,0.4817,-0.020000000000000018,0.539,-0.05730000000000002
mixer_nano,cifar100,margin,s1,s2,0.4603,0.4771,-0.016800000000000037,0.539,-0.06190000000000001
mixer_nano,cifar100,entropy,s1,s2,0.463,0.4808,-0.017799999999999983,0.539,-0.05820000000000003
mixer_nano,cifar100,ce_loss,s1,s2,0.4038,0.4451,-0.0413,0.539,-0.09390000000000004
mixer_nano,cifar100,pred_depth,s1,s2,0.5129,0.4979,0.015000000000000013,0.539,-0.041100000000000025
mixer_nano,cifar100,msp,s1,s3,0.4617,0.4778,-0.016100000000000003,0.539,-0.06120000000000003
mixer_nano,cifar100,margin,s1,s3,0.4603,0.4746,-0.014300000000000035,0.539,-0.06440000000000001
mixer_nano,cifar100,entropy,s1,s3,0.463,0.4774,-0.014399999999999968,0.539,-0.061600000000000044
mixer_nano,cifar100,ce_loss,s1,s3,0.4038,0.4431,-0.0393,0.539,-0.09590000000000004
mixer_nano,cifar100,pred_depth,s1,s3,0.5129,0.4972,0.015700000000000047,0.539,-0.04180000000000006
mixer_nano,cifar100,msp,s2,s1,0.5301,0.5358,-0.005700000000000038,0.5835,-0.047699999999999965
mixer_nano,cifar100,margin,s2,s1,0.5291,0.5362,-0.007099999999999995,0.5835,-0.04730000000000001
mixer_nano,cifar100,entropy,s2,s1,0.5301,0.5356,-0.005499999999999949,0.5835,-0.047900000000000054
mixer_nano,cifar100,ce_loss,s2,s1,0.4528,0.5167,-0.06390000000000007,0.5835,-0.06679999999999997
mixer_nano,cifar100,pred_depth,s2,s1,0.5656,0.5592,0.006399999999999961,0.5835,-0.02429999999999999
mixer_nano,cifar100,msp,s2,s3,0.5301,0.5304,-0.00029999999999996696,0.5835,-0.053100000000000036
mixer_nano,cifar100,margin,s2,s3,0.5291,0.5296,-0.0004999999999999449,0.5835,-0.05390000000000006
mixer_nano,cifar100,entropy,s2,s3,0.5301,0.5322,-0.0020999999999999908,0.5835,-0.05130000000000001
mixer_nano,cifar100,ce_loss,s2,s3,0.4528,0.5121,-0.05930000000000002,0.5835,-0.07140000000000002
mixer_nano,cifar100,pred_depth,s2,s3,0.5656,0.5549,0.010700000000000043,0.5835,-0.02860000000000007
mixer_nano,cifar100,msp,s3,s1,0.5764,0.5744,0.0020000000000000018,0.5988,-0.024399999999999977
mixer_nano,cifar100,margin,s3,s1,0.575,0.5726,0.0023999999999999577,0.5988,-0.0262
mixer_nano,cifar100,entropy,s3,s1,0.5763,0.5738,0.0025000000000000577,0.5988,-0.025000000000000022
mixer_nano,cifar100,ce_loss,s3,s1,0.5433,0.565,-0.02169999999999994,0.5988,-0.03380000000000005
mixer_nano,cifar100,pred_depth,s3,s1,0.5885,0.5927,-0.0041999999999999815,0.5988,-0.006099999999999994
mixer_nano,cifar100,msp,s3,s2,0.5764,0.5808,-0.0043999999999999595,0.5988,-0.018000000000000016
mixer_nano,cifar100,margin,s3,s2,0.575,0.5794,-0.0044000000000000705,0.5988,-0.019399999999999973
mixer_nano,cifar100,entropy,s3,s2,0.5763,0.5814,-0.005099999999999993,0.5988,-0.01739999999999997
mixer_nano,cifar100,ce_loss,s3,s2,0.5433,0.565,-0.02169999999999994,0.5988,-0.03380000000000005
mixer_nano,cifar100,pred_depth,s3,s2,0.5885,0.592,-0.0034999999999999476,0.5988,-0.006800000000000028
mobilenetv2,cifar100,msp,s1,s2,0.5749,0.5777,-0.0028000000000000247,0.6514,-0.07369999999999999
mobilenetv2,cifar100,margin,s1,s2,0.5741,0.5778,-0.0036999999999999256,0.6514,-0.0736
mobilenetv2,cifar100,entropy,s1,s2,0.5775,0.58,-0.0024999999999999467,0.6514,-0.07140000000000002
mobilenetv2,cifar100,ce_loss,s1,s2,0.5588,0.572,-0.01319999999999999,0.6514,-0.07940000000000003
mobilenetv2,cifar100,pred_depth,s1,s2,0.6369,0.6287,0.008199999999999985,0.6514,-0.022699999999999942
mobilenetv2,cifar100,msp,s1,s3,0.5749,0.5778,-0.0029000000000000137,0.6514,-0.0736
mobilenetv2,cifar100,margin,s1,s3,0.5741,0.5769,-0.0027999999999999137,0.6514,-0.07450000000000001
mobilenetv2,cifar100,entropy,s1,s3,0.5775,0.5796,-0.0020999999999999908,0.6514,-0.07179999999999997
mobilenetv2,cifar100,ce_loss,s1,s3,0.5588,0.5685,-0.009700000000000042,0.6514,-0.08289999999999997
mobilenetv2,cifar100,pred_depth,s1,s3,0.6369,0.6306,0.006299999999999972,0.6514,-0.02079999999999993
mobilenetv2,cifar100,msp,s2,s1,0.5662,0.5685,-0.0022999999999999687,0.6472,-0.07869999999999999
mobilenetv2,cifar100,margin,s2,s1,0.5655,0.5675,-0.0020000000000000018,0.6472,-0.0797
mobilenetv2,cifar100,entropy,s2,s1,0.5688,0.571,-0.0021999999999999797,0.6472,-0.07620000000000005
mobilenetv2,cifar100,ce_loss,s2,s1,0.5532,0.5584,-0.005199999999999982,0.6472,-0.08879999999999999
mobilenetv2,cifar100,pred_depth,s2,s1,0.6285,0.626,0.0024999999999999467,0.6472,-0.021199999999999997
mobilenetv2,cifar100,msp,s2,s3,0.5662,0.5681,-0.0019000000000000128,0.6472,-0.07909999999999995
mobilenetv2,cifar100,margin,s2,s3,0.5655,0.5676,-0.0020999999999999908,0.6472,-0.0796
mobilenetv2,cifar100,entropy,s2,s3,0.5688,0.5694,-0.0006000000000000449,0.6472,-0.07779999999999998
mobilenetv2,cifar100,ce_loss,s2,s3,0.5532,0.5596,-0.006399999999999961,0.6472,-0.08760000000000001
mobilenetv2,cifar100,pred_depth,s2,s3,0.6285,0.6223,0.006199999999999983,0.6472,-0.024900000000000033
mobilenetv2,cifar100,msp,s3,s1,0.5748,0.5764,-0.0016000000000000458,0.6516,-0.07519999999999993
mobilenetv2,cifar100,margin,s3,s1,0.575,0.5744,0.0005999999999999339,0.6516,-0.07719999999999994
mobilenetv2,cifar100,entropy,s3,s1,0.5776,0.578,-0.00039999999999995595,0.6516,-0.0736
mobilenetv2,cifar100,ce_loss,s3,s1,0.5586,0.5671,-0.008500000000000063,0.6516,-0.08449999999999991
mobilenetv2,cifar100,pred_depth,s3,s1,0.6358,0.6312,0.0046000000000000485,0.6516,-0.020399999999999974
mobilenetv2,cifar100,msp,s3,s2,0.5748,0.5755,-0.0007000000000000339,0.6516,-0.07609999999999995
mobilenetv2,cifar100,margin,s3,s2,0.575,0.5736,0.0013999999999999568,0.6516,-0.07799999999999996
mobilenetv2,cifar100,entropy,s3,s2,0.5776,0.5784,-0.0008000000000000229,0.6516,-0.07319999999999993
mobilenetv2,cifar100,ce_loss,s3,s2,0.5586,0.5664,-0.007800000000000029,0.6516,-0.08519999999999994
mobilenetv2,cifar100,pred_depth,s3,s2,0.6358,0.6328,0.0030000000000000027,0.6516,-0.018799999999999928
resnet110,cifar100,msp,s1,s2,0.5165,0.5238,-0.007300000000000084,0.6239,-0.10009999999999997
resnet110,cifar100,margin,s1,s2,0.5139,0.5227,-0.00880000000000003,0.6239,-0.10119999999999996
resnet110,cifar100,entropy,s1,s2,0.5243,0.5251,-0.0008000000000000229,0.6239,-0.0988
resnet110,cifar100,ce_loss,s1,s2,0.4691,0.505,-0.03589999999999999,0.6239,-0.1189
resnet110,cifar100,pred_depth,s1,s2,0.5909,0.5903,0.0005999999999999339,0.6239,-0.03359999999999996
resnet110,cifar100,msp,s1,s3,0.5165,0.5305,-0.014000000000000012,0.6239,-0.09340000000000004
resnet110,cifar100,margin,s1,s3,0.5139,0.5298,-0.015900000000000025,0.6239,-0.09409999999999996
resnet110,cifar100,entropy,s1,s3,0.5243,0.53,-0.005700000000000038,0.6239,-0.09389999999999998
resnet110,cifar100,ce_loss,s1,s3,0.4691,0.5119,-0.042800000000000005,0.6239,-0.11199999999999999
resnet110,cifar100,pred_depth,s1,s3,0.5909,0.5872,0.0036999999999999256,0.6239,-0.036699999999999955
resnet110,cifar100,msp,s2,s1,0.4915,0.5165,-0.024999999999999967,0.6079,-0.09140000000000004
resnet110,cifar100,margin,s2,s1,0.4913,0.5167,-0.025400000000000034,0.6079,-0.09119999999999995
resnet110,cifar100,entropy,s2,s1,0.4917,0.5176,-0.025899999999999923,0.6079,-0.09030000000000005
resnet110,cifar100,ce_loss,s2,s1,0.4395,0.4992,-0.059699999999999975,0.6079,-0.10870000000000002
resnet110,cifar100,pred_depth,s2,s1,0.5766,0.5788,-0.0021999999999999797,0.6079,-0.029100000000000015
resnet110,cifar100,msp,s2,s3,0.4915,0.517,-0.025500000000000023,0.6079,-0.09089999999999998
resnet110,cifar100,margin,s2,s3,0.4913,0.5173,-0.025999999999999968,0.6079,-0.09060000000000001
resnet110,cifar100,entropy,s2,s3,0.4917,0.5167,-0.025000000000000022,0.6079,-0.09119999999999995
resnet110,cifar100,ce_loss,s2,s3,0.4395,0.4992,-0.059699999999999975,0.6079,-0.10870000000000002
resnet110,cifar100,pred_depth,s2,s3,0.5766,0.5717,0.0049000000000000155,0.6079,-0.03620000000000001
resnet110,cifar100,msp,s3,s1,0.4905,0.5115,-0.020999999999999963,0.6049,-0.09340000000000004
resnet110,cifar100,margin,s3,s1,0.4896,0.5119,-0.022300000000000042,0.6049,-0.09299999999999997
resnet110,cifar100,entropy,s3,s1,0.4922,0.5145,-0.02229999999999993,0.6049,-0.09040000000000004
resnet110,cifar100,ce_loss,s3,s1,0.4352,0.4973,-0.062100000000000044,0.6049,-0.10759999999999997
resnet110,cifar100,pred_depth,s3,s1,0.5697,0.5727,-0.0030000000000000027,0.6049,-0.032200000000000006
resnet110,cifar100,msp,s3,s2,0.4905,0.5036,-0.013100000000000056,0.6049,-0.10129999999999995
resnet110,cifar100,margin,s3,s2,0.4896,0.5035,-0.013899999999999968,0.6049,-0.10140000000000005
resnet110,cifar100,entropy,s3,s2,0.4922,0.5031,-0.010899999999999965,0.6049,-0.1018
resnet110,cifar100,ce_loss,s3,s2,0.4352,0.4875,-0.05230000000000001,0.6049,-0.1174
resnet110,cifar100,pred_depth,s3,s2,0.5697,0.5701,-0.00040000000000006697,0.6049,-0.03479999999999994
resnet20,cifar100,msp,s1,s2,0.4783,0.4908,-0.012500000000000011,0.592,-0.10119999999999996
resnet20,cifar100,margin,s1,s2,0.4771,0.4891,-0.011999999999999955,0.592,-0.10289999999999999
resnet20,cifar100,entropy,s1,s2,0.4856,0.496,-0.01040000000000002,0.592,-0.09599999999999997
resnet20,cifar100,ce_loss,s1,s2,0.425,0.4748,-0.04980000000000001,0.592,-0.11719999999999997
resnet20,cifar100,pred_depth,s1,s2,0.5592,0.5571,0.0020999999999999908,0.592,-0.03489999999999993
resnet20,cifar100,msp,s1,s3,0.4783,0.4959,-0.017600000000000005,0.592,-0.09609999999999996
resnet20,cifar100,margin,s1,s3,0.4771,0.4965,-0.019399999999999973,0.592,-0.09549999999999997
resnet20,cifar100,entropy,s1,s3,0.4856,0.4987,-0.0131,0.592,-0.0933
resnet20,cifar100,ce_loss,s1,s3,0.425,0.4761,-0.051100000000000034,0.592,-0.11589999999999995
resnet20,cifar100,pred_depth,s1,s3,0.5592,0.5552,0.0040000000000000036,0.592,-0.036799999999999944
resnet20,cifar100,msp,s2,s1,0.4918,0.5083,-0.01649999999999996,0.6058,-0.09750000000000003
resnet20,cifar100,margin,s2,s1,0.4898,0.5092,-0.019399999999999973,0.6058,-0.09660000000000002
resnet20,cifar100,entropy,s2,s1,0.5008,0.5107,-0.00990000000000002,0.6058,-0.09509999999999996
resnet20,cifar100,ce_loss,s2,s1,0.4434,0.4915,-0.048099999999999976,0.6058,-0.11430000000000001
resnet20,cifar100,pred_depth,s2,s1,0.5701,0.569,0.001100000000000101,0.6058,-0.036800000000000055
resnet20,cifar100,msp,s2,s3,0.4918,0.5078,-0.016000000000000014,0.6058,-0.09799999999999998
resnet20,cifar100,margin,s2,s3,0.4898,0.5081,-0.018299999999999983,0.6058,-0.09770000000000001
resnet20,cifar100,entropy,s2,s3,0.5008,0.5104,-0.009599999999999942,0.6058,-0.09540000000000004
resnet20,cifar100,ce_loss,s2,s3,0.4434,0.4913,-0.0479,0.6058,-0.11449999999999999
resnet20,cifar100,pred_depth,s2,s3,0.5701,0.5646,0.00550000000000006,0.6058,-0.041200000000000014
resnet20,cifar100,msp,s3,s1,0.4754,0.4857,-0.010300000000000031,0.59,-0.10429999999999995
resnet20,cifar100,margin,s3,s1,0.4753,0.4862,-0.01090000000000002,0.59,-0.10379999999999995
resnet20,cifar100,entropy,s3,s1,0.4781,0.4873,-0.009199999999999986,0.59,-0.10269999999999996
resnet20,cifar100,ce_loss,s3,s1,0.4247,0.467,-0.042300000000000004,0.59,-0.12299999999999994
resnet20,cifar100,pred_depth,s3,s1,0.5489,0.5483,0.0006000000000000449,0.59,-0.04169999999999996
resnet20,cifar100,msp,s3,s2,0.4754,0.4858,-0.01040000000000002,0.59,-0.10419999999999996
resnet20,cifar100,margin,s3,s2,0.4753,0.4859,-0.010599999999999998,0.59,-0.10409999999999997
resnet20,cifar100,entropy,s3,s2,0.4781,0.4876,-0.009499999999999953,0.59,-0.10239999999999999
resnet20,cifar100,ce_loss,s3,s2,0.4247,0.4697,-0.044999999999999984,0.59,-0.12029999999999996
resnet20,cifar100,pred_depth,s3,s2,0.5489,0.5529,-0.0039999999999998925,0.59,-0.03710000000000002
resnet32x4,cifar100,msp,s1,s2,0.6614,0.6858,-0.024399999999999977,0.7491,-0.06330000000000002
resnet32x4,cifar100,margin,s1,s2,0.661,0.686,-0.025000000000000022,0.7491,-0.06309999999999993
resnet32x4,cifar100,entropy,s1,s2,0.6621,0.6861,-0.02400000000000002,0.7491,-0.06299999999999994
resnet32x4,cifar100,ce_loss,s1,s2,0.6435,0.6876,-0.04410000000000003,0.7491,-0.0615
resnet32x4,cifar100,pred_depth,s1,s2,0.7174,0.7016,0.015800000000000036,0.7491,-0.04749999999999999
resnet32x4,cifar100,msp,s1,s3,0.6614,0.667,-0.005600000000000049,0.7491,-0.08209999999999995
resnet32x4,cifar100,margin,s1,s3,0.661,0.665,-0.0040000000000000036,0.7491,-0.08409999999999995
resnet32x4,cifar100,entropy,s1,s3,0.6621,0.6672,-0.005099999999999993,0.7491,-0.08189999999999997
resnet32x4,cifar100,ce_loss,s1,s3,0.6435,0.6572,-0.013700000000000045,0.7491,-0.09189999999999998
resnet32x4,cifar100,pred_depth,s1,s3,0.7174,0.7187,-0.0012999999999999678,0.7491,-0.030399999999999983
resnet32x4,cifar100,msp,s2,s1,0.5883,0.5767,0.011600000000000055,0.6668,-0.09009999999999996
resnet32x4,cifar100,margin,s2,s1,0.588,0.5758,0.012199999999999989,0.6668,-0.09099999999999997
resnet32x4,cifar100,entropy,s2,s1,0.5907,0.5768,0.013900000000000023,0.6668,-0.08999999999999997
resnet32x4,cifar100,ce_loss,s2,s1,0.5594,0.5726,-0.01319999999999999,0.6668,-0.09419999999999995
resnet32x4,cifar100,pred_depth,s2,s1,0.6383,0.6431,-0.0048000000000000265,0.6668,-0.023699999999999943
resnet32x4,cifar100,msp,s2,s3,0.5883,0.5762,0.0121,0.6668,-0.0905999999999999
resnet32x4,cifar100,margin,s2,s3,0.588,0.5764,0.011599999999999944,0.6668,-0.09039999999999992
resnet32x4,cifar100,entropy,s2,s3,0.5907,0.5764,0.01429999999999998,0.6668,-0.09039999999999992
resnet32x4,cifar100,ce_loss,s2,s3,0.5594,0.5714,-0.01200000000000001,0.6668,-0.09539999999999993
resnet32x4,cifar100,pred_depth,s2,s3,0.6383,0.6413,-0.0030000000000000027,0.6668,-0.025499999999999967
resnet32x4,cifar100,msp,s3,s1,0.6569,0.6651,-0.008199999999999985,0.7449,-0.07979999999999998
resnet32x4,cifar100,margin,s3,s1,0.6562,0.6642,-0.008000000000000007,0.7449,-0.0807
resnet32x4,cifar100,entropy,s3,s1,0.6573,0.6667,-0.009399999999999964,0.7449,-0.07820000000000005
resnet32x4,cifar100,ce_loss,s3,s1,0.6349,0.6572,-0.022299999999999986,0.7449,-0.0877
resnet32x4,cifar100,pred_depth,s3,s1,0.711,0.7144,-0.0034000000000000696,0.7449,-0.03049999999999997
resnet32x4,cifar100,msp,s3,s2,0.6569,0.6804,-0.023499999999999965,0.7449,-0.0645
resnet32x4,cifar100,margin,s3,s2,0.6562,0.6807,-0.024499999999999966,0.7449,-0.06420000000000003
resnet32x4,cifar100,entropy,s3,s2,0.6573,0.6824,-0.02510000000000001,0.7449,-0.0625
resnet32x4,cifar100,ce_loss,s3,s2,0.6349,0.682,-0.04710000000000003,0.7449,-0.06289999999999996
resnet32x4,cifar100,pred_depth,s3,s2,0.711,0.6984,0.012599999999999945,0.7449,-0.046499999999999986
resnet50,imagenet100,msp,s1,s2,0.708,0.7123,-0.0043000000000000815,0.8043,-0.09199999999999997
resnet50,imagenet100,margin,s1,s2,0.7066,0.7131,-0.00649999999999995,0.8043,-0.09120000000000006
resnet50,imagenet100,entropy,s1,s2,0.7101,0.7135,-0.0034000000000000696,0.8043,-0.09079999999999999
resnet50,imagenet100,ce_loss,s1,s2,0.6961,0.7013,-0.005199999999999982,0.8043,-0.10299999999999998
resnet50,imagenet100,pred_depth,s1,s2,0.7457,0.7485,-0.0028000000000000247,0.8043,-0.05579999999999996
resnet50,imagenet100,msp,s2,s1,0.6984,0.6931,0.005299999999999971,0.7972,-0.10409999999999997
resnet50,imagenet100,margin,s2,s1,0.697,0.6924,0.0045999999999999375,0.7972,-0.1048
resnet50,imagenet100,entropy,s2,s1,0.6984,0.6949,0.0035000000000000586,0.7972,-0.10230000000000006
resnet50,imagenet100,ce_loss,s2,s1,0.6827,0.6816,0.0010999999999999899,0.7972,-0.11560000000000004
resnet50,imagenet100,pred_depth,s2,s1,0.7351,0.7329,0.0021999999999999797,0.7972,-0.06430000000000002
resnet56,cifar100,msp,s1,s2,0.5241,0.5402,-0.016100000000000003,0.6325,-0.09229999999999994
resnet56,cifar100,margin,s1,s2,0.5233,0.5419,-0.01860000000000006,0.6325,-0.0905999999999999
resnet56,cifar100,entropy,s1,s2,0.5314,0.5423,-0.01090000000000002,0.6325,-0.09019999999999995
resnet56,cifar100,ce_loss,s1,s2,0.4771,0.5234,-0.04629999999999995,0.6325,-0.10909999999999997
resnet56,cifar100,pred_depth,s1,s2,0.6064,0.6022,0.0042000000000000925,0.6325,-0.030299999999999994
resnet56,cifar100,msp,s1,s3,0.5241,0.5452,-0.021100000000000008,0.6325,-0.08729999999999993
resnet56,cifar100,margin,s1,s3,0.5233,0.5452,-0.02190000000000003,0.6325,-0.08729999999999993
resnet56,cifar100,entropy,s1,s3,0.5314,0.5463,-0.014900000000000024,0.6325,-0.08619999999999994
resnet56,cifar100,ce_loss,s1,s3,0.4771,0.5272,-0.05009999999999998,0.6325,-0.10529999999999995
resnet56,cifar100,pred_depth,s1,s3,0.6064,0.6017,0.0047000000000000375,0.6325,-0.03079999999999994
resnet56,cifar100,msp,s2,s1,0.4938,0.5076,-0.013800000000000034,0.6088,-0.10119999999999996
resnet56,cifar100,margin,s2,s1,0.4925,0.5077,-0.015200000000000047,0.6088,-0.10109999999999997
resnet56,cifar100,entropy,s2,s1,0.4994,0.5112,-0.011799999999999977,0.6088,-0.09760000000000002
resnet56,cifar100,ce_loss,s2,s1,0.4403,0.4919,-0.05159999999999998,0.6088,-0.1169
resnet56,cifar100,pred_depth,s2,s1,0.5851,0.5826,0.0024999999999999467,0.6088,-0.0262
resnet56,cifar100,msp,s2,s3,0.4938,0.516,-0.022199999999999998,0.6088,-0.0928
resnet56,cifar100,margin,s2,s3,0.4925,0.5138,-0.02130000000000004,0.6088,-0.09499999999999997
resnet56,cifar100,entropy,s2,s3,0.4994,0.5178,-0.018400000000000027,0.6088,-0.09099999999999997
resnet56,cifar100,ce_loss,s2,s3,0.4403,0.4989,-0.058599999999999985,0.6088,-0.1099
resnet56,cifar100,pred_depth,s2,s3,0.5851,0.5804,0.0046999999999999265,0.6088,-0.02839999999999998
resnet56,cifar100,msp,s3,s1,0.4989,0.5179,-0.019000000000000017,0.6114,-0.09350000000000003
resnet56,cifar100,margin,s3,s1,0.4999,0.5178,-0.017900000000000027,0.6114,-0.09360000000000002
resnet56,cifar100,entropy,s3,s1,0.506,0.5195,-0.013499999999999956,0.6114,-0.09190000000000009
resnet56,cifar100,ce_loss,s3,s1,0.4429,0.505,-0.06209999999999999,0.6114,-0.10640000000000005
resnet56,cifar100,pred_depth,s3,s1,0.5808,0.5789,0.0019000000000000128,0.6114,-0.032500000000000084
resnet56,cifar100,msp,s3,s2,0.4989,0.515,-0.016100000000000003,0.6114,-0.09640000000000004
resnet56,cifar100,margin,s3,s2,0.4999,0.5123,-0.012399999999999967,0.6114,-0.09910000000000008
resnet56,cifar100,entropy,s3,s2,0.506,0.5175,-0.011499999999999955,0.6114,-0.0939000000000001
resnet56,cifar100,ce_loss,s3,s2,0.4429,0.5016,-0.05870000000000003,0.6114,-0.10980000000000001
resnet56,cifar100,pred_depth,s3,s2,0.5808,0.5803,0.0004999999999999449,0.6114,-0.031100000000000017
resnet8x4,cifar100,msp,s1,s2,0.6334,0.637,-0.0036000000000000476,0.6884,-0.0514
resnet8x4,cifar100,margin,s1,s2,0.6332,0.6363,-0.0030999999999999917,0.6884,-0.052100000000000035
resnet8x4,cifar100,entropy,s1,s2,0.6346,0.6383,-0.0036999999999999256,0.6884,-0.05010000000000003
resnet8x4,cifar100,ce_loss,s1,s2,0.6236,0.6318,-0.008199999999999985,0.6884,-0.056599999999999984
resnet8x4,cifar100,pred_depth,s1,s2,0.6643,0.6636,0.0007000000000000339,0.6884,-0.024800000000000044
resnet8x4,cifar100,msp,s1,s3,0.6334,0.6358,-0.0024000000000000687,0.6884,-0.05259999999999998
resnet8x4,cifar100,margin,s1,s3,0.6332,0.6353,-0.0020999999999999908,0.6884,-0.053100000000000036
resnet8x4,cifar100,entropy,s1,s3,0.6346,0.6382,-0.0035999999999999366,0.6884,-0.05020000000000002
resnet8x4,cifar100,ce_loss,s1,s3,0.6236,0.631,-0.007399999999999962,0.6884,-0.05740000000000001
resnet8x4,cifar100,pred_depth,s1,s3,0.6643,0.6667,-0.0023999999999999577,0.6884,-0.021700000000000053
resnet8x4,cifar100,msp,s2,s1,0.6338,0.6354,-0.0015999999999999348,0.6894,-0.05400000000000005
resnet8x4,cifar100,margin,s2,s1,0.6319,0.6352,-0.0032999999999999696,0.6894,-0.054200000000000026
resnet8x4,cifar100,entropy,s2,s1,0.6352,0.6362,-0.0010000000000000009,0.6894,-0.053200000000000025
resnet8x4,cifar100,ce_loss,s2,s1,0.6262,0.6292,-0.0030000000000000027,0.6894,-0.06020000000000003
resnet8x4,cifar100,pred_depth,s2,s1,0.6644,0.6637,0.0007000000000000339,0.6894,-0.025700000000000056
resnet8x4,cifar100,msp,s2,s3,0.6338,0.6347,-0.0009000000000000119,0.6894,-0.05469999999999997
resnet8x4,cifar100,margin,s2,s3,0.6319,0.6331,-0.0011999999999999789,0.6894,-0.05630000000000002
resnet8x4,cifar100,entropy,s2,s3,0.6352,0.6356,-0.00040000000000006697,0.6894,-0.05379999999999996
resnet8x4,cifar100,ce_loss,s2,s3,0.6262,0.628,-0.0018000000000000238,0.6894,-0.06140000000000001
resnet8x4,cifar100,pred_depth,s2,s3,0.6644,0.6656,-0.0011999999999999789,0.6894,-0.023800000000000043
resnet8x4,cifar100,msp,s3,s1,0.6275,0.6332,-0.005700000000000038,0.6866,-0.0534
resnet8x4,cifar100,margin,s3,s1,0.6267,0.6322,-0.005499999999999949,0.6866,-0.054400000000000004
resnet8x4,cifar100,entropy,s3,s1,0.6291,0.6336,-0.0045000000000000595,0.6866,-0.052999999999999936
resnet8x4,cifar100,ce_loss,s3,s1,0.6167,0.627,-0.010299999999999976,0.6866,-0.059599999999999986
resnet8x4,cifar100,pred_depth,s3,s1,0.6588,0.6538,0.0050000000000000044,0.6866,-0.03279999999999994
resnet8x4,cifar100,msp,s3,s2,0.6275,0.6326,-0.0051000000000001044,0.6866,-0.05399999999999994
resnet8x4,cifar100,margin,s3,s2,0.6267,0.6328,-0.006099999999999994,0.6866,-0.05379999999999996
resnet8x4,cifar100,entropy,s3,s2,0.6291,0.6339,-0.0048000000000000265,0.6866,-0.05269999999999997
resnet8x4,cifar100,ce_loss,s3,s2,0.6167,0.6282,-0.011499999999999955,0.6866,-0.05840000000000001
resnet8x4,cifar100,pred_depth,s3,s2,0.6588,0.6558,0.0030000000000000027,0.6866,-0.03079999999999994
shufflenetv2,cifar100,msp,s1,s2,0.6425,0.6469,-0.0044000000000000705,0.6991,-0.052200000000000024
shufflenetv2,cifar100,margin,s1,s2,0.6421,0.6464,-0.0042999999999999705,0.6991,-0.05270000000000008
shufflenetv2,cifar100,entropy,s1,s2,0.6434,0.6468,-0.0034000000000000696,0.6991,-0.05230000000000001
shufflenetv2,cifar100,ce_loss,s1,s2,0.6312,0.6412,-0.010000000000000009,0.6991,-0.05790000000000006
shufflenetv2,cifar100,pred_depth,s1,s2,0.6796,0.6741,0.005499999999999949,0.6991,-0.025000000000000022
shufflenetv2,cifar100,msp,s1,s3,0.6425,0.6474,-0.0049000000000000155,0.6991,-0.05170000000000008
shufflenetv2,cifar100,margin,s1,s3,0.6421,0.6468,-0.0047000000000000375,0.6991,-0.05230000000000001
shufflenetv2,cifar100,entropy,s1,s3,0.6434,0.6469,-0.0035000000000000586,0.6991,-0.052200000000000024
shufflenetv2,cifar100,ce_loss,s1,s3,0.6312,0.643,-0.011800000000000033,0.6991,-0.05610000000000004
shufflenetv2,cifar100,pred_depth,s1,s3,0.6796,0.6747,0.0049000000000000155,0.6991,-0.02440000000000009
shufflenetv2,cifar100,msp,s2,s1,0.6363,0.6371,-0.0008000000000000229,0.6952,-0.05810000000000004
shufflenetv2,cifar100,margin,s2,s1,0.6352,0.6362,-0.0010000000000000009,0.6952,-0.05900000000000005
shufflenetv2,cifar100,entropy,s2,s1,0.6366,0.6387,-0.0020999999999999908,0.6952,-0.056499999999999995
shufflenetv2,cifar100,ce_loss,s2,s1,0.6268,0.633,-0.006199999999999983,0.6952,-0.06220000000000003
shufflenetv2,cifar100,pred_depth,s2,s1,0.6741,0.6725,0.0016000000000000458,0.6952,-0.022700000000000053
shufflenetv2,cifar100,msp,s2,s3,0.6363,0.6378,-0.0015000000000000568,0.6952,-0.05740000000000001
shufflenetv2,cifar100,margin,s2,s3,0.6352,0.6363,-0.0010999999999999899,0.6952,-0.05890000000000006
shufflenetv2,cifar100,entropy,s2,s3,0.6366,0.639,-0.0023999999999999577,0.6952,-0.05620000000000003
shufflenetv2,cifar100,ce_loss,s2,s3,0.6268,0.6349,-0.008099999999999996,0.6952,-0.06030000000000002
shufflenetv2,cifar100,pred_depth,s2,s3,0.6741,0.6696,0.0045000000000000595,0.6952,-0.025600000000000067
shufflenetv2,cifar100,msp,s3,s1,0.6353,0.6386,-0.0032999999999999696,0.6933,-0.05470000000000008
shufflenetv2,cifar100,margin,s3,s1,0.6352,0.6391,-0.0039000000000000146,0.6933,-0.054200000000000026
shufflenetv2,cifar100,entropy,s3,s1,0.6387,0.6409,-0.0021999999999999797,0.6933,-0.0524
shufflenetv2,cifar100,ce_loss,s3,s1,0.6231,0.636,-0.012900000000000023,0.6933,-0.05730000000000002
shufflenetv2,cifar100,pred_depth,s3,s1,0.6749,0.6723,0.0026000000000000467,0.6933,-0.02100000000000002
shufflenetv2,cifar100,msp,s3,s2,0.6353,0.641,-0.005700000000000038,0.6933,-0.05230000000000001
shufflenetv2,cifar100,margin,s3,s2,0.6352,0.6397,-0.0045000000000000595,0.6933,-0.05359999999999998
shufflenetv2,cifar100,entropy,s3,s2,0.6387,0.642,-0.0032999999999999696,0.6933,-0.05130000000000001
shufflenetv2,cifar100,ce_loss,s3,s2,0.6231,0.636,-0.012900000000000023,0.6933,-0.05730000000000002
shufflenetv2,cifar100,pred_depth,s3,s2,0.6749,0.6673,0.007600000000000051,0.6933,-0.026000000000000023
vgg13,cifar100,msp,s1,s2,0.6735,0.6866,-0.0131,0.7334,-0.046800000000000064
vgg13,cifar100,margin,s1,s2,0.6736,0.6842,-0.010600000000000054,0.7334,-0.04920000000000002
vgg13,cifar100,entropy,s1,s2,0.6729,0.6874,-0.014499999999999957,0.7334,-0.04600000000000004
vgg13,cifar100,ce_loss,s1,s2,0.6425,0.6815,-0.039000000000000035,0.7334,-0.05190000000000006
vgg13,cifar100,pred_depth,s1,s2,0.7146,0.7028,0.011800000000000033,0.7334,-0.03060000000000007
vgg13,cifar100,msp,s1,s3,0.6735,0.6755,-0.0020000000000000018,0.7334,-0.05790000000000006
vgg13,cifar100,margin,s1,s3,0.6736,0.6752,-0.0016000000000000458,0.7334,-0.05820000000000003
vgg13,cifar100,entropy,s1,s3,0.6729,0.6763,-0.0033999999999999586,0.7334,-0.05710000000000004
vgg13,cifar100,ce_loss,s1,s3,0.6425,0.667,-0.024500000000000077,0.7334,-0.06640000000000001
vgg13,cifar100,pred_depth,s1,s3,0.7146,0.7128,0.0018000000000000238,0.7334,-0.020600000000000063
vgg13,cifar100,msp,s2,s1,0.6046,0.5975,0.007099999999999995,0.66,-0.0625
vgg13,cifar100,margin,s2,s1,0.6054,0.5962,0.009200000000000097,0.66,-0.06380000000000008
vgg13,cifar100,entropy,s2,s1,0.6085,0.5968,0.011700000000000044,0.66,-0.06320000000000003
vgg13,cifar100,ce_loss,s2,s1,0.5781,0.5957,-0.01760000000000006,0.66,-0.06430000000000002
vgg13,cifar100,pred_depth,s2,s1,0.6417,0.6462,-0.0044999999999999485,0.66,-0.013800000000000034
vgg13,cifar100,msp,s2,s3,0.6046,0.5977,0.006900000000000017,0.66,-0.06230000000000002
vgg13,cifar100,margin,s2,s3,0.6054,0.5977,0.00770000000000004,0.66,-0.06230000000000002
vgg13,cifar100,entropy,s2,s3,0.6085,0.5981,0.010400000000000076,0.66,-0.061900000000000066
vgg13,cifar100,ce_loss,s2,s3,0.5781,0.5968,-0.01870000000000005,0.66,-0.06320000000000003
vgg13,cifar100,pred_depth,s2,s3,0.6417,0.6458,-0.0040999999999999925,0.66,-0.01419999999999999
vgg13,cifar100,msp,s3,s1,0.6769,0.6746,0.0022999999999999687,0.7397,-0.06510000000000005
vgg13,cifar100,margin,s3,s1,0.676,0.6754,0.0006000000000000449,0.7397,-0.06430000000000002
vgg13,cifar100,entropy,s3,s1,0.6771,0.6741,0.0030000000000000027,0.7397,-0.06559999999999999
vgg13,cifar100,ce_loss,s3,s1,0.6452,0.6703,-0.02510000000000001,0.7397,-0.06940000000000002
vgg13,cifar100,pred_depth,s3,s1,0.7195,0.7159,0.0036000000000000476,0.7397,-0.023800000000000043
vgg13,cifar100,msp,s3,s2,0.6769,0.6903,-0.013400000000000079,0.7397,-0.0494
vgg13,cifar100,margin,s3,s2,0.676,0.6861,-0.010099999999999998,0.7397,-0.05359999999999998
vgg13,cifar100,entropy,s3,s2,0.6771,0.6952,-0.018100000000000005,0.7397,-0.044499999999999984
vgg13,cifar100,ce_loss,s3,s2,0.6452,0.6831,-0.037900000000000045,0.7397,-0.056599999999999984
vgg13,cifar100,pred_depth,s3,s2,0.7195,0.7044,0.015100000000000002,0.7397,-0.0353
vgg8,cifar100,msp,s1,s2,0.654,0.6553,-0.0012999999999999678,0.6976,-0.042300000000000004
vgg8,cifar100,margin,s1,s2,0.6535,0.656,-0.0025000000000000577,0.6976,-0.04159999999999997
vgg8,cifar100,entropy,s1,s2,0.6548,0.6561,-0.0012999999999999678,0.6976,-0.04149999999999998
vgg8,cifar100,ce_loss,s1,s2,0.6362,0.6529,-0.016700000000000048,0.6976,-0.04469999999999996
vgg8,cifar100,pred_depth,s1,s2,0.6827,0.6836,-0.0009000000000000119,0.6976,-0.014000000000000012
vgg8,cifar100,msp,s1,s3,0.654,0.66,-0.006000000000000005,0.6976,-0.03759999999999997
vgg8,cifar100,margin,s1,s3,0.6535,0.6605,-0.007000000000000006,0.6976,-0.03710000000000002
vgg8,cifar100,entropy,s1,s3,0.6548,0.66,-0.005199999999999982,0.6976,-0.03759999999999997
vgg8,cifar100,ce_loss,s1,s3,0.6362,0.6551,-0.018900000000000028,0.6976,-0.04249999999999998
vgg8,cifar100,pred_depth,s1,s3,0.6827,0.6823,0.00039999999999995595,0.6976,-0.01529999999999998
vgg8,cifar100,msp,s2,s1,0.6577,0.6575,0.00019999999999997797,0.7007,-0.043200000000000016
vgg8,cifar100,margin,s2,s1,0.6569,0.6557,0.0012000000000000899,0.7007,-0.04500000000000004
vgg8,cifar100,entropy,s2,s1,0.6584,0.6586,-0.00019999999999997797,0.7007,-0.042100000000000026
vgg8,cifar100,ce_loss,s2,s1,0.6399,0.6559,-0.016000000000000014,0.7007,-0.04479999999999995
vgg8,cifar100,pred_depth,s2,s1,0.6795,0.6841,-0.0046000000000000485,0.7007,-0.016599999999999948
vgg8,cifar100,msp,s2,s3,0.6577,0.6576,9.999999999998899e-05,0.7007,-0.04310000000000003
vgg8,cifar100,margin,s2,s3,0.6569,0.6576,-0.0006999999999999229,0.7007,-0.04310000000000003
vgg8,cifar100,entropy,s2,s3,0.6584,0.6566,0.0018000000000000238,0.7007,-0.04410000000000003
vgg8,cifar100,ce_loss,s2,s3,0.6399,0.6564,-0.01649999999999996,0.7007,-0.044300000000000006
vgg8,cifar100,pred_depth,s2,s3,0.6795,0.6808,-0.0012999999999999678,0.7007,-0.01990000000000003
vgg8,cifar100,msp,s3,s1,0.6541,0.6535,0.0006000000000000449,0.6985,-0.04500000000000004
vgg8,cifar100,margin,s3,s1,0.6548,0.6534,0.0014000000000000679,0.6985,-0.04510000000000003
vgg8,cifar100,entropy,s3,s1,0.6551,0.6532,0.0019000000000000128,0.6985,-0.04530000000000001
vgg8,cifar100,ce_loss,s3,s1,0.6371,0.6509,-0.013800000000000034,0.6985,-0.047599999999999976
vgg8,cifar100,pred_depth,s3,s1,0.6793,0.6821,-0.0028000000000000247,0.6985,-0.01639999999999997
vgg8,cifar100,msp,s3,s2,0.6541,0.6529,0.0011999999999999789,0.6985,-0.045599999999999974
vgg8,cifar100,margin,s3,s2,0.6548,0.6532,0.0016000000000000458,0.6985,-0.04530000000000001
vgg8,cifar100,entropy,s3,s2,0.6551,0.6549,0.00019999999999997797,0.6985,-0.04359999999999997
vgg8,cifar100,ce_loss,s3,s2,0.6371,0.651,-0.013900000000000023,0.6985,-0.04749999999999999
vgg8,cifar100,pred_depth,s3,s2,0.6793,0.6791,0.00019999999999997797,0.6985,-0.019399999999999973
vit_small_p16,imagenet100,msp,s1,s2,0.5858,0.5879,-0.0020999999999999908,0.6062,-0.018299999999999983
vit_small_p16,imagenet100,margin,s1,s2,0.5855,0.588,-0.0024999999999999467,0.6062,-0.018199999999999994
vit_small_p16,imagenet100,entropy,s1,s2,0.5864,0.5879,-0.0014999999999999458,0.6062,-0.018299999999999983
vit_small_p16,imagenet100,ce_loss,s1,s2,0.5714,0.5813,-0.00990000000000002,0.6062,-0.024899999999999922
vit_small_p16,imagenet100,pred_depth,s1,s2,0.5956,0.5998,-0.0041999999999999815,0.6062,-0.006399999999999961
vit_small_p16,imagenet100,msp,s2,s1,0.5826,0.5872,-0.0046000000000000485,0.6071,-0.019899999999999918
vit_small_p16,imagenet100,margin,s2,s1,0.5841,0.5868,-0.0027000000000000357,0.6071,-0.020299999999999985
vit_small_p16,imagenet100,entropy,s2,s1,0.5821,0.5868,-0.0047000000000000375,0.6071,-0.020299999999999985
vit_small_p16,imagenet100,ce_loss,s2,s1,0.5682,0.5798,-0.011599999999999944,0.6071,-0.02729999999999999
vit_small_p16,imagenet100,pred_depth,s2,s1,0.5969,0.601,-0.0040999999999999925,0.6071,-0.006099999999999994
vit_tiny,cifar100,msp,s1,s2,0.5528,0.5535,-0.0007000000000000339,0.58,-0.026499999999999968
vit_tiny,cifar100,margin,s1,s2,0.5538,0.5541,-0.000300000000000078,0.58,-0.025899999999999923
vit_tiny,cifar100,entropy,s1,s2,0.5527,0.5536,-0.0009000000000000119,0.58,-0.02639999999999998
vit_tiny,cifar100,ce_loss,s1,s2,0.5385,0.5487,-0.010199999999999987,0.58,-0.031299999999999994
vit_tiny,cifar100,pred_depth,s1,s2,0.5719,0.5708,0.0010999999999999899,0.58,-0.009199999999999986
vit_tiny,cifar100,msp,s1,s3,0.5528,0.5576,-0.0048000000000000265,0.58,-0.022399999999999975
vit_tiny,cifar100,margin,s1,s3,0.5538,0.5559,-0.0020999999999999908,0.58,-0.02410000000000001
vit_tiny,cifar100,entropy,s1,s3,0.5527,0.5574,-0.0047000000000000375,0.58,-0.022599999999999953
vit_tiny,cifar100,ce_loss,s1,s3,0.5385,0.5502,-0.011700000000000044,0.58,-0.029799999999999938
vit_tiny,cifar100,pred_depth,s1,s3,0.5719,0.5732,-0.0013000000000000789,0.58,-0.006799999999999917
vit_tiny,cifar100,msp,s2,s1,0.5679,0.575,-0.007099999999999995,0.5889,-0.013900000000000023
vit_tiny,cifar100,margin,s2,s1,0.5675,0.5747,-0.007199999999999984,0.5889,-0.01419999999999999
vit_tiny,cifar100,entropy,s2,s1,0.5686,0.5744,-0.005800000000000027,0.5889,-0.014499999999999957
vit_tiny,cifar100,ce_loss,s2,s1,0.5428,0.5745,-0.03170000000000006,0.5889,-0.014399999999999968
vit_tiny,cifar100,pred_depth,s2,s1,0.5824,0.5791,0.0033000000000000806,0.5889,-0.009800000000000031
vit_tiny,cifar100,msp,s2,s3,0.5679,0.5729,-0.0050000000000000044,0.5889,-0.016000000000000014
vit_tiny,cifar100,margin,s2,s3,0.5675,0.5742,-0.006700000000000039,0.5889,-0.014699999999999935
vit_tiny,cifar100,entropy,s2,s3,0.5686,0.5733,-0.0047000000000000375,0.5889,-0.015599999999999947
vit_tiny,cifar100,ce_loss,s2,s3,0.5428,0.5614,-0.01860000000000006,0.5889,-0.02749999999999997
vit_tiny,cifar100,pred_depth,s2,s3,0.5824,0.5825,-9.999999999998899e-05,0.5889,-0.006399999999999961
vit_tiny,cifar100,msp,s3,s1,0.5769,0.5874,-0.010500000000000065,0.6031,-0.015699999999999936
vit_tiny,cifar100,margin,s3,s1,0.5771,0.5878,-0.010700000000000043,0.6031,-0.01529999999999998
vit_tiny,cifar100,entropy,s3,s1,0.576,0.5868,-0.010800000000000032,0.6031,-0.01629999999999998
vit_tiny,cifar100,ce_loss,s3,s1,0.5523,0.588,-0.035699999999999954,0.6031,-0.015100000000000002
vit_tiny,cifar100,pred_depth,s3,s1,0.5926,0.594,-0.0013999999999999568,0.6031,-0.009099999999999997
vit_tiny,cifar100,msp,s3,s2,0.5769,0.58,-0.0030999999999999917,0.6031,-0.02310000000000001
vit_tiny,cifar100,margin,s3,s2,0.5771,0.5812,-0.0041000000000001036,0.6031,-0.02189999999999992
vit_tiny,cifar100,entropy,s3,s2,0.576,0.5796,-0.0036000000000000476,0.6031,-0.023499999999999965
vit_tiny,cifar100,ce_loss,s3,s2,0.5523,0.5721,-0.01980000000000004,0.6031,-0.030999999999999917
vit_tiny,cifar100,pred_depth,s3,s2,0.5926,0.595,-0.0023999999999999577,0.6031,-0.008099999999999996
wrn_16_2,cifar100,msp,s1,s2,0.4794,0.5317,-0.05229999999999996,0.6075,-0.07580000000000009
wrn_16_2,cifar100,margin,s1,s2,0.4789,0.5322,-0.053300000000000014,0.6075,-0.07530000000000003
wrn_16_2,cifar100,entropy,s1,s2,0.4844,0.5336,-0.049199999999999966,0.6075,-0.07390000000000008
wrn_16_2,cifar100,ce_loss,s1,s2,0.4351,0.5147,-0.07960000000000006,0.6075,-0.0928
wrn_16_2,cifar100,pred_depth,s1,s2,0.5664,0.5676,-0.0011999999999999789,0.6075,-0.03990000000000005
wrn_16_2,cifar100,msp,s1,s3,0.4794,0.5032,-0.023799999999999988,0.6075,-0.10430000000000006
wrn_16_2,cifar100,margin,s1,s3,0.4789,0.503,-0.02410000000000001,0.6075,-0.10450000000000004
wrn_16_2,cifar100,entropy,s1,s3,0.4844,0.5061,-0.021699999999999997,0.6075,-0.10140000000000005
wrn_16_2,cifar100,ce_loss,s1,s3,0.4351,0.4865,-0.0514,0.6075,-0.12100000000000005
wrn_16_2,cifar100,pred_depth,s1,s3,0.5664,0.5651,0.0012999999999999678,0.6075,-0.04239999999999999
wrn_16_2,cifar100,msp,s2,s1,0.457,0.4359,0.021100000000000008,0.5524,-0.11649999999999999
wrn_16_2,cifar100,margin,s2,s1,0.4571,0.4356,0.02150000000000002,0.5524,-0.11680000000000001
wrn_16_2,cifar100,entropy,s2,s1,0.4538,0.4363,0.01749999999999996,0.5524,-0.11609999999999998
wrn_16_2,cifar100,ce_loss,s2,s1,0.4092,0.4202,-0.01100000000000001,0.5524,-0.13219999999999998
wrn_16_2,cifar100,pred_depth,s2,s1,0.5143,0.5044,0.00990000000000002,0.5524,-0.04800000000000004
wrn_16_2,cifar100,msp,s2,s3,0.457,0.4353,0.021699999999999997,0.5524,-0.11709999999999998
wrn_16_2,cifar100,margin,s2,s3,0.4571,0.4356,0.02150000000000002,0.5524,-0.11680000000000001
wrn_16_2,cifar100,entropy,s2,s3,0.4538,0.4356,0.018199999999999994,0.5524,-0.11680000000000001
wrn_16_2,cifar100,ce_loss,s2,s3,0.4092,0.4206,-0.011399999999999966,0.5524,-0.13180000000000003
wrn_16_2,cifar100,pred_depth,s2,s3,0.5143,0.5043,0.010000000000000009,0.5524,-0.04810000000000003
wrn_16_2,cifar100,msp,s3,s1,0.4836,0.4977,-0.014100000000000001,0.6106,-0.11290000000000006
wrn_16_2,cifar100,margin,s3,s1,0.4838,0.4987,-0.014899999999999969,0.6106,-0.11190000000000005
wrn_16_2,cifar100,entropy,s3,s1,0.4911,0.4995,-0.008400000000000019,0.6106,-0.11110000000000003
wrn_16_2,cifar100,ce_loss,s3,s1,0.4401,0.4807,-0.040600000000000025,0.6106,-0.12990000000000002
wrn_16_2,cifar100,pred_depth,s3,s1,0.5666,0.569,-0.0023999999999999577,0.6106,-0.04160000000000008
wrn_16_2,cifar100,msp,s3,s2,0.4836,0.531,-0.04740000000000005,0.6106,-0.0796
wrn_16_2,cifar100,margin,s3,s2,0.4838,0.5312,-0.0474,0.6106,-0.07940000000000003
wrn_16_2,cifar100,entropy,s3,s2,0.4911,0.5327,-0.04159999999999997,0.6106,-0.07790000000000008
wrn_16_2,cifar100,ce_loss,s3,s2,0.4401,0.5124,-0.07229999999999998,0.6106,-0.09820000000000007
wrn_16_2,cifar100,pred_depth,s3,s2,0.5666,0.5687,-0.0020999999999999908,0.6106,-0.04190000000000005
wrn_40_1,cifar100,msp,s1,s2,0.4588,0.4817,-0.02290000000000003,0.5949,-0.11319999999999997
wrn_40_1,cifar100,margin,s1,s2,0.4605,0.4812,-0.020699999999999996,0.5949,-0.11369999999999997
wrn_40_1,cifar100,entropy,s1,s2,0.464,0.4825,-0.01849999999999996,0.5949,-0.1124
wrn_40_1,cifar100,ce_loss,s1,s2,0.4243,0.4631,-0.0388,0.5949,-0.13179999999999997
wrn_40_1,cifar100,pred_depth,s1,s2,0.5438,0.5485,-0.0047000000000000375,0.5949,-0.0464
wrn_40_1,cifar100,msp,s1,s3,0.4588,0.5104,-0.05159999999999998,0.5949,-0.08450000000000002
wrn_40_1,cifar100,margin,s1,s3,0.4605,0.5099,-0.0494,0.5949,-0.08499999999999996
wrn_40_1,cifar100,entropy,s1,s3,0.464,0.5119,-0.0479,0.5949,-0.08299999999999996
wrn_40_1,cifar100,ce_loss,s1,s3,0.4243,0.4942,-0.06989999999999996,0.5949,-0.10070000000000001
wrn_40_1,cifar100,pred_depth,s1,s3,0.5438,0.5485,-0.0047000000000000375,0.5949,-0.0464
wrn_40_1,cifar100,msp,s2,s1,0.4685,0.4838,-0.01529999999999998,0.5969,-0.11309999999999998
wrn_40_1,cifar100,margin,s2,s1,0.4674,0.4836,-0.016199999999999992,0.5969,-0.11330000000000001
wrn_40_1,cifar100,entropy,s2,s1,0.4727,0.4845,-0.011799999999999977,0.5969,-0.1124
wrn_40_1,cifar100,ce_loss,s2,s1,0.4273,0.4667,-0.03939999999999999,0.5969,-0.13019999999999998
wrn_40_1,cifar100,pred_depth,s2,s1,0.5515,0.551,0.0004999999999999449,0.5969,-0.04589999999999994
wrn_40_1,cifar100,msp,s2,s3,0.4685,0.5146,-0.04609999999999992,0.5969,-0.08230000000000004
wrn_40_1,cifar100,margin,s2,s3,0.4674,0.5115,-0.04409999999999997,0.5969,-0.08540000000000003
wrn_40_1,cifar100,entropy,s2,s3,0.4727,0.5165,-0.04379999999999995,0.5969,-0.08040000000000003
wrn_40_1,cifar100,ce_loss,s2,s3,0.4273,0.4952,-0.06789999999999996,0.5969,-0.10170000000000001
wrn_40_1,cifar100,pred_depth,s2,s3,0.5515,0.5549,-0.0033999999999999586,0.5969,-0.04200000000000004
wrn_40_1,cifar100,msp,s3,s1,0.4457,0.4189,0.02679999999999999,0.5298,-0.11090000000000005
wrn_40_1,cifar100,margin,s3,s1,0.4423,0.4188,0.02350000000000002,0.5298,-0.11100000000000004
wrn_40_1,cifar100,entropy,s3,s1,0.4479,0.4204,0.027500000000000024,0.5298,-0.10940000000000005
wrn_40_1,cifar100,ce_loss,s3,s1,0.3975,0.4085,-0.010999999999999954,0.5298,-0.12130000000000007
wrn_40_1,cifar100,pred_depth,s3,s1,0.5033,0.4915,0.011799999999999977,0.5298,-0.038300000000000056
wrn_40_1,cifar100,msp,s3,s2,0.4457,0.425,0.020699999999999996,0.5298,-0.10480000000000006
wrn_40_1,cifar100,margin,s3,s2,0.4423,0.4254,0.016900000000000026,0.5298,-0.10440000000000005
wrn_40_1,cifar100,entropy,s3,s2,0.4479,0.4242,0.0237,0.5298,-0.10560000000000003
wrn_40_1,cifar100,ce_loss,s3,s2,0.3975,0.4117,-0.01419999999999999,0.5298,-0.11810000000000004
wrn_40_1,cifar100,pred_depth,s3,s2,0.5033,0.4905,0.012799999999999978,0.5298,-0.03930000000000006
wrn_40_2,cifar100,msp,s1,s2,0.5478,0.5596,-0.011800000000000033,0.6679,-0.10830000000000006
wrn_40_2,cifar100,margin,s1,s2,0.5491,0.5588,-0.009699999999999931,0.6679,-0.10910000000000009
wrn_40_2,cifar100,entropy,s1,s2,0.5489,0.5593,-0.010399999999999965,0.6679,-0.10860000000000003
wrn_40_2,cifar100,ce_loss,s1,s2,0.5202,0.5452,-0.025000000000000022,0.6679,-0.12270000000000003
wrn_40_2,cifar100,pred_depth,s1,s2,0.6253,0.6257,-0.00040000000000006697,0.6679,-0.042200000000000015
wrn_40_2,cifar100,msp,s1,s3,0.5478,0.5583,-0.010500000000000065,0.6679,-0.10960000000000003
wrn_40_2,cifar100,margin,s1,s3,0.5491,0.5592,-0.010099999999999998,0.6679,-0.10870000000000002
wrn_40_2,cifar100,entropy,s1,s3,0.5489,0.5584,-0.009499999999999953,0.6679,-0.10950000000000004
wrn_40_2,cifar100,ce_loss,s1,s3,0.5202,0.5476,-0.02739999999999998,0.6679,-0.12030000000000007
wrn_40_2,cifar100,pred_depth,s1,s3,0.6253,0.6263,-0.0010000000000000009,0.6679,-0.04160000000000008
wrn_40_2,cifar100,msp,s2,s1,0.5596,0.5701,-0.010500000000000065,0.6722,-0.10209999999999997
wrn_40_2,cifar100,margin,s2,s1,0.5578,0.5701,-0.012300000000000089,0.6722,-0.10209999999999997
wrn_40_2,cifar100,entropy,s2,s1,0.5606,0.5708,-0.010199999999999987,0.6722,-0.10140000000000005
wrn_40_2,cifar100,ce_loss,s2,s1,0.5325,0.5572,-0.024700000000000055,0.6722,-0.11499999999999999
wrn_40_2,cifar100,pred_depth,s2,s1,0.6353,0.6305,0.0048000000000000265,0.6722,-0.04170000000000007
wrn_40_2,cifar100,msp,s2,s3,0.5596,0.5742,-0.014600000000000057,0.6722,-0.09799999999999998
wrn_40_2,cifar100,margin,s2,s3,0.5578,0.5733,-0.01550000000000007,0.6722,-0.09889999999999999
wrn_40_2,cifar100,entropy,s2,s3,0.5606,0.5738,-0.01319999999999999,0.6722,-0.09840000000000004
wrn_40_2,cifar100,ce_loss,s2,s3,0.5325,0.5609,-0.02839999999999998,0.6722,-0.11130000000000007
wrn_40_2,cifar100,pred_depth,s2,s3,0.6353,0.6354,-9.999999999998899e-05,0.6722,-0.036800000000000055
wrn_40_2,cifar100,msp,s3,s1,0.5499,0.567,-0.017099999999999893,0.6671,-0.10010000000000008
wrn_40_2,cifar100,margin,s3,s1,0.5497,0.5672,-0.01750000000000007,0.6671,-0.09989999999999999
wrn_40_2,cifar100,entropy,s3,s1,0.5519,0.5667,-0.014800000000000035,0.6671,-0.10040000000000004
wrn_40_2,cifar100,ce_loss,s3,s1,0.5198,0.5508,-0.030999999999999917,0.6671,-0.11630000000000007
wrn_40_2,cifar100,pred_depth,s3,s1,0.6337,0.6311,0.0026000000000000467,0.6671,-0.03600000000000003
wrn_40_2,cifar100,msp,s3,s2,0.5499,0.5612,-0.011299999999999977,0.6671,-0.1059
wrn_40_2,cifar100,margin,s3,s2,0.5497,0.5602,-0.010500000000000065,0.6671,-0.1069
wrn_40_2,cifar100,entropy,s3,s2,0.5519,0.5619,-0.010000000000000009,0.6671,-0.10520000000000007
wrn_40_2,cifar100,ce_loss,s3,s2,0.5198,0.5471,-0.02729999999999999,0.6671,-0.12
wrn_40_2,cifar100,pred_depth,s3,s2,0.6337,0.6331,0.0006000000000000449,0.6671,-0.03400000000000003
