split,arch,dataset,score,rho_seed,sd,n_pairs
test,convnext_femto,cifar100,ce_loss,0.7085168457456318,0.001378342474483419,3
test,convnext_femto,cifar100,entropy,0.43669367014615296,0.004753627863764074,3
test,convnext_femto,cifar100,margin,0.45530907870294407,0.004267878701327187,3
test,convnext_femto,cifar100,msp,0.4405506601301094,0.005037211632709619,3
test,convnext_femto,cifar100,pred_depth,0.5876715153308604,0.0014120796318591424,3
test,mixer_nano,cifar100,ce_loss,0.6466745967917187,0.008893009320225041,3
test,mixer_nano,cifar100,entropy,0.20681703163019857,0.020849717048485185,3
test,mixer_nano,cifar100,margin,0.24500010344952158,0.020382698990904776,3
test,mixer_nano,cifar100,msp,0.21673494145701433,0.019993723613161755,3
test,mixer_nano,cifar100,pred_depth,0.4319086536690268,0.034331246939105234,3
test,mobilenetv2,cifar100,ce_loss,0.8742248360961034,0.001161886582721182,3
test,mobilenetv2,cifar100,entropy,0.830388753987513,0.0036310808640633214,3
test,mobilenetv2,cifar100,margin,0.7517720016923187,0.003962897860575535,3
test,mobilenetv2,cifar100,msp,0.7905174170588097,0.004002881628126721,3
test,mobilenetv2,cifar100,pred_depth,0.6136087004521577,0.005686262481123899,3
test,resnet110,cifar100,ce_loss,0.8012200346040195,0.013387188663706228,3
test,resnet110,cifar100,entropy,0.7284824744975665,0.02059284765676011,3
test,resnet110,cifar100,margin,0.6896082456449939,0.01816528090592065,3
test,resnet110,cifar100,msp,0.7064754117187458,0.01958631575861499,3
test,resnet110,cifar100,pred_depth,0.5750457704492125,0.0041014199179238995,3
test,resnet20,cifar100,ce_loss,0.8323161876974111,0.0024910430760532194,3
test,resnet20,cifar100,entropy,0.777559336222482,0.0024248026600014565,3
test,resnet20,cifar100,margin,0.7045902969615626,0.002897369589146717,3
test,resnet20,cifar100,msp,0.7394379636241414,0.0030523033562636272,3
test,resnet20,cifar100,pred_depth,0.5723503104248536,0.0008816985404334783,3
test,resnet32x4,cifar100,ce_loss,0.7085479621400704,0.08099633441191421,3
test,resnet32x4,cifar100,entropy,0.6245342893527589,0.10314679451797028,3
test,resnet32x4,cifar100,margin,0.5970177022430813,0.12133696887654437,3
test,resnet32x4,cifar100,msp,0.613651915569819,0.10976663158467656,3
test,resnet32x4,cifar100,pred_depth,0.5307666583763274,0.1189655184720638,3
test,resnet50,imagenet100,ce_loss,0.7329242554592058,,1
test,resnet50,imagenet100,entropy,0.6506369897416484,,1
test,resnet50,imagenet100,margin,0.674983921310987,,1
test,resnet50,imagenet100,msp,0.6618523799138449,,1
test,resnet50,imagenet100,pred_depth,0.7396624071734609,,1
test,resnet56,cifar100,ce_loss,0.8152172802096219,0.007685911093886426,3
test,resnet56,cifar100,entropy,0.7478531138884895,0.010655455354695524,3
test,resnet56,cifar100,margin,0.7058370710215716,0.007449651559862184,3
test,resnet56,cifar100,msp,0.7244336556479358,0.009020555048752897,3
test,resnet56,cifar100,pred_depth,0.5788203767019665,0.006099595665667343,3
test,resnet8x4,cifar100,ce_loss,0.8698498614754456,0.004504482400944174,3
test,resnet8x4,cifar100,entropy,0.828992451769194,0.006190267170367515,3
test,resnet8x4,cifar100,margin,0.7696218499800068,0.006488083264950522,3
test,resnet8x4,cifar100,msp,0.797395225481309,0.006697719274341514,3
test,resnet8x4,cifar100,pred_depth,0.5990246151017286,0.0078281881821608,3
test,shufflenetv2,cifar100,ce_loss,0.8485263764342393,0.0021563000041289033,3
test,shufflenetv2,cifar100,entropy,0.793498832953266,0.0027212638771299605,3
test,shufflenetv2,cifar100,margin,0.732386570905672,0.0014990867809052085,3
test,shufflenetv2,cifar100,msp,0.7606030066942892,0.0009462395507961008,3
test,shufflenetv2,cifar100,pred_depth,0.5866500274789276,0.007809819094277604,3
test,vgg13,cifar100,ce_loss,0.7447894797823563,0.09249487017541674,3
test,vgg13,cifar100,entropy,0.6600595901590851,0.1163400160012289,3
test,vgg13,cifar100,margin,0.6197179622037766,0.13317864957517117,3
test,vgg13,cifar100,msp,0.6419758829462784,0.12240057724675947,3
test,vgg13,cifar100,pred_depth,0.49946558809103925,0.12458998599162405,3
test,vgg8,cifar100,ce_loss,0.8663958357379936,0.0012262236366055545,3
test,vgg8,cifar100,entropy,0.8125984590513596,0.0037035647884030333,3
test,vgg8,cifar100,margin,0.7636769164042114,0.003389259580668923,3
test,vgg8,cifar100,msp,0.7855459126616245,0.0034574880993012993,3
test,vgg8,cifar100,pred_depth,0.6220056039001618,0.005901521760592922,3
test,vit_small_p16,imagenet100,ce_loss,0.7340647454921506,,1
test,vit_small_p16,imagenet100,entropy,0.45578770761722437,,1
test,vit_small_p16,imagenet100,margin,0.46538389028104266,,1
test,vit_small_p16,imagenet100,msp,0.456300754530413,,1
test,vit_small_p16,imagenet100,pred_depth,0.5883641805535297,,1
test,vit_tiny,cifar100,ce_loss,0.6731827034124825,0.004284090265127121,3
test,vit_tiny,cifar100,entropy,0.282841619646844,0.050783248705809504,3
test,vit_tiny,cifar100,margin,0.3097580672891124,0.03302341025959893,3
test,vit_tiny,cifar100,msp,0.28864623690632335,0.04563559152633695,3
test,vit_tiny,cifar100,pred_depth,0.46416072594559027,0.05044670349722677,3
test,wrn_16_2,cifar100,ce_loss,0.7691246102918354,0.0627168673111806,3
test,wrn_16_2,cifar100,entropy,0.7002539491235602,0.07950143864712032,3
test,wrn_16_2,cifar100,margin,0.6280787777270804,0.09832897863009585,3
test,wrn_16_2,cifar100,msp,0.6644694724674859,0.08621620615788705,3
test,wrn_16_2,cifar100,pred_depth,0.4884969748644288,0.0895658606825916,3
test,wrn_40_1,cifar100,ce_loss,0.7411170990688886,0.0692188583163744,3
test,wrn_40_1,cifar100,entropy,0.6563128423762077,0.09452560616571755,3
test,wrn_40_1,cifar100,margin,0.588054951565212,0.10795554758364774,3
test,wrn_40_1,cifar100,msp,0.6247365691126514,0.09761989649020274,3
test,wrn_40_1,cifar100,pred_depth,0.4575239629973382,0.09590032898206437,3
test,wrn_40_2,cifar100,ce_loss,0.786842237236412,0.002928774437852213,3
test,wrn_40_2,cifar100,entropy,0.7127872652507028,0.005463751709917669,3
test,wrn_40_2,cifar100,margin,0.6948824141001467,0.006484410612540498,3
test,wrn_40_2,cifar100,msp,0.7031041207683814,0.005931136637156978,3
test,wrn_40_2,cifar100,pred_depth,0.6111169611855776,0.014076868308486777,3
train_holdout,convnext_femto,cifar100,ce_loss,0.1503725753204687,0.012798462654242249,3
train_holdout,convnext_femto,cifar100,el2n,0.6842465738161977,0.002905968686384995,3
train_holdout,convnext_femto,cifar100,entropy,0.15024251908041933,0.012849031330678445,3
train_holdout,convnext_femto,cifar100,forget_events,0.8363893906532738,0.0023725103396246713,3
train_holdout,convnext_femto,cifar100,margin,0.1491712642682815,0.012689229478342176,3
train_holdout,convnext_femto,cifar100,msp,0.15037257525646866,0.01279846270749805,3
train_holdout,convnext_femto,cifar100,pred_depth,0.741264324211957,0.014395810080418014,3
train_holdout,mixer_nano,cifar100,ce_loss,0.10790501248197122,0.021564727179778306,3
train_holdout,mixer_nano,cifar100,el2n,0.6447718845247975,0.0073655103127684305,3
train_holdout,mixer_nano,cifar100,entropy,0.10832474498015565,0.021455763787789166,3
train_holdout,mixer_nano,cifar100,forget_events,0.8419242418593752,0.0033192635507639087,3
train_holdout,mixer_nano,cifar100,margin,0.10503543907091151,0.02214599071848054,3
train_holdout,mixer_nano,cifar100,msp,0.10790501248197122,0.021564727155176044,3
train_holdout,mixer_nano,cifar100,pred_depth,0.4398785224420046,0.06659241269351923,3
train_holdout,mobilenetv2,cifar100,ce_loss,0.8486377783094806,0.0030527849369056128,3
train_holdout,mobilenetv2,cifar100,el2n,0.5683059816393587,0.005855760851635784,3
train_holdout,mobilenetv2,cifar100,entropy,0.8390521367517533,0.005288287675136776,3
train_holdout,mobilenetv2,cifar100,forget_events,0.8819633185621617,0.0035014225562848885,3
train_holdout,mobilenetv2,cifar100,margin,0.7910334705869454,0.0024945331641040673,3
train_holdout,mobilenetv2,cifar100,msp,0.8155645753185046,0.0035362976044692423,3
train_holdout,mobilenetv2,cifar100,pred_depth,0.6479076922782337,0.008588881381187245,3
train_holdout,resnet110,cifar100,ce_loss,0.6239024113177989,0.039858750358799475,3
train_holdout,resnet110,cifar100,el2n,0.5931145063865242,0.0008842677117486221,3
train_holdout,resnet110,cifar100,entropy,0.6144810185447359,0.035476467551105374,3
train_holdout,resnet110,cifar100,forget_events,0.8604981525034762,0.012588240380983452,3
train_holdout,resnet110,cifar100,margin,0.6104407509157436,0.03493118563570445,3
train_holdout,resnet110,cifar100,msp,0.614374328720264,0.035672086335687685,3
train_holdout,resnet110,cifar100,pred_depth,0.635205245493515,0.03793820897536208,3
train_holdout,resnet20,cifar100,ce_loss,0.7926348499643691,0.006330549408827093,3
train_holdout,resnet20,cifar100,el2n,0.5889098109089277,0.00908593946611112,3
train_holdout,resnet20,cifar100,entropy,0.7849897285732688,0.005315702746740833,3
train_holdout,resnet20,cifar100,forget_events,0.8479983121185102,0.0021039321213612303,3
train_holdout,resnet20,cifar100,margin,0.7517096059655874,0.006272842747102023,3
train_holdout,resnet20,cifar100,msp,0.7699295113318704,0.00598490413642075,3
train_holdout,resnet20,cifar100,pred_depth,0.6298506345245211,0.008358729696432192,3
train_holdout,resnet32x4,cifar100,ce_loss,0.2565944518280381,0.07304640239386209,3
train_holdout,resnet32x4,cifar100,el2n,0.625683452897371,0.007033315989223633,3
train_holdout,resnet32x4,cifar100,entropy,0.2398112347079603,0.08507860560434416,3
train_holdout,resnet32x4,cifar100,forget_events,0.8334240249003658,0.07817526444174742,3
train_holdout,resnet32x4,cifar100,margin,0.2591234412392245,0.07398365442198496,3
train_holdout,resnet32x4,cifar100,msp,0.2509647581313799,0.07787334505668787,3
train_holdout,resnet32x4,cifar100,pred_depth,0.5806478276141354,0.17323493265848963,3
train_holdout,resnet50,imagenet100,ce_loss,0.3373065717386933,,1
train_holdout,resnet50,imagenet100,el2n,0.7010750899155415,,1
train_holdout,resnet50,imagenet100,entropy,0.34761100663416494,,1
train_holdout,resnet50,imagenet100,forget_events,0.860640782443559,,1
train_holdout,resnet50,imagenet100,margin,0.3199856286084322,,1
train_holdout,resnet50,imagenet100,msp,0.3372132041016099,,1
train_holdout,resnet50,imagenet100,pred_depth,0.7996776230523015,,1
train_holdout,resnet56,cifar100,ce_loss,0.7100849296443115,0.019046146693979277,3
train_holdout,resnet56,cifar100,el2n,0.5961954431308811,0.002660106240781052,3
train_holdout,resnet56,cifar100,entropy,0.7096419412952019,0.019933753623856527,3
train_holdout,resnet56,cifar100,forget_events,0.8722563970296449,0.004005453852278381,3
train_holdout,resnet56,cifar100,margin,0.7011083707260514,0.0179235915743955,3
train_holdout,resnet56,cifar100,msp,0.7066209566521695,0.018706180458991178,3
train_holdout,resnet56,cifar100,pred_depth,0.6551558849990445,0.003513414718245961,3
train_holdout,resnet8x4,cifar100,ce_loss,0.7990137089292574,0.0018933571166186809,3
train_holdout,resnet8x4,cifar100,el2n,0.6508082510347362,0.002579962758274997,3
train_holdout,resnet8x4,cifar100,entropy,0.8052245437196327,0.003003814090738033,3
train_holdout,resnet8x4,cifar100,forget_events,0.9029320508869549,0.0013041671984068866,3
train_holdout,resnet8x4,cifar100,margin,0.783594168029145,0.0014332936829003534,3
train_holdout,resnet8x4,cifar100,msp,0.7945294920177096,0.002285484566653576,3
train_holdout,resnet8x4,cifar100,pred_depth,0.665687385930691,0.0003438420668328644,3
train_holdout,shufflenetv2,cifar100,ce_loss,0.7739998191563858,0.009566000067313387,3
train_holdout,shufflenetv2,cifar100,el2n,0.6039275247556891,0.009376555797208228,3
train_holdout,shufflenetv2,cifar100,entropy,0.774054267635722,0.009418069857384033,3
train_holdout,shufflenetv2,cifar100,forget_events,0.8727771486634667,0.008808806810754332,3
train_holdout,shufflenetv2,cifar100,margin,0.7548599772754644,0.009756311875417435,3
train_holdout,shufflenetv2,cifar100,msp,0.765910238148441,0.009688354301702935,3
train_holdout,shufflenetv2,cifar100,pred_depth,0.64977320126195,0.01260422096679361,3
train_holdout,vgg13,cifar100,ce_loss,0.4148637103146453,0.07179479428223584,3
train_holdout,vgg13,cifar100,el2n,0.6050131742838628,0.0050651953251322004,3
train_holdout,vgg13,cifar100,entropy,0.37078787006531266,0.10752663724736654,3
train_holdout,vgg13,cifar100,forget_events,0.902134526320418,0.019377605872243867,3
train_holdout,vgg13,cifar100,margin,0.3849094678286293,0.09969439945389727,3
train_holdout,vgg13,cifar100,msp,0.38088870695614446,0.10110247784936463,3
train_holdout,vgg13,cifar100,pred_depth,0.5247286914535704,0.20204477658869358,3
train_holdout,vgg8,cifar100,ce_loss,0.66402600243905,0.006972723445838322,3
train_holdout,vgg8,cifar100,el2n,0.6162791667409987,0.003346777711933413,3
train_holdout,vgg8,cifar100,entropy,0.6712827483395315,0.006965244250756823,3
train_holdout,vgg8,cifar100,forget_events,0.9168081672916831,0.0023342716135678477,3
train_holdout,vgg8,cifar100,margin,0.6541104391493797,0.006885686667369742,3
train_holdout,vgg8,cifar100,msp,0.6639861893890917,0.006932238387464829,3
train_holdout,vgg8,cifar100,pred_depth,0.743407309345908,0.007593181739061834,3
train_holdout,vit_small_p16,imagenet100,ce_loss,0.2591600704260341,,1
train_holdout,vit_small_p16,imagenet100,el2n,0.709918854367361,,1
train_holdout,vit_small_p16,imagenet100,entropy,0.26690569942721565,,1
train_holdout,vit_small_p16,imagenet100,forget_events,0.707998663472335,,1
train_holdout,vit_small_p16,imagenet100,margin,0.23700783856269655,,1
train_holdout,vit_small_p16,imagenet100,msp,0.25916353769426337,,1
train_holdout,vit_small_p16,imagenet100,pred_depth,0.7532837844779717,,1
train_holdout,vit_tiny,cifar100,ce_loss,0.11618294355534427,0.09981982382650192,3
train_holdout,vit_tiny,cifar100,el2n,0.6195773577827478,0.0019713747529123108,3
train_holdout,vit_tiny,cifar100,entropy,0.1360774895585191,0.0832627588824108,3
train_holdout,vit_tiny,cifar100,forget_events,0.6828654732745015,0.11838127119299233,3
train_holdout,vit_tiny,cifar100,margin,0.11188108302561643,0.1001895165131492,3
train_holdout,vit_tiny,cifar100,msp,0.12023731046380963,0.09641055265980128,3
train_holdout,vit_tiny,cifar100,pred_depth,0.6149958147065098,0.07936045754818923,3
train_holdout,wrn_16_2,cifar100,ce_loss,0.6768884324792713,0.0712038942807068,3
train_holdout,wrn_16_2,cifar100,el2n,0.6244241622229981,0.0060422882285902,3
train_holdout,wrn_16_2,cifar100,entropy,0.626971735117913,0.11725724385174911,3
train_holdout,wrn_16_2,cifar100,forget_events,0.8430905787141337,0.034857394413625536,3
train_holdout,wrn_16_2,cifar100,margin,0.6019519746273896,0.1252396589889292,3
train_holdout,wrn_16_2,cifar100,msp,0.6186357912849053,0.11843953870179696,3
train_holdout,wrn_16_2,cifar100,pred_depth,0.48849700332980456,0.13702256340141164,3
train_holdout,wrn_40_1,cifar100,ce_loss,0.6457783437746974,0.08547693482515492,3
train_holdout,wrn_40_1,cifar100,el2n,0.5899443848101416,0.005900150173452856,3
train_holdout,wrn_40_1,cifar100,entropy,0.5746883531210079,0.14211729971852316,3
train_holdout,wrn_40_1,cifar100,forget_events,0.7749675298214443,0.07500343276599043,3
train_holdout,wrn_40_1,cifar100,margin,0.546718832086431,0.1541842543160808,3
train_holdout,wrn_40_1,cifar100,msp,0.5649016660480026,0.14625818176971303,3
train_holdout,wrn_40_1,cifar100,pred_depth,0.45884654880129544,0.12133891033731242,3
train_holdout,wrn_40_2,cifar100,ce_loss,0.4785779272241357,0.028011550125085462,3
train_holdout,wrn_40_2,cifar100,el2n,0.6015304370599093,0.011194215479374974,3
train_holdout,wrn_40_2,cifar100,entropy,0.47349441008250426,0.028836474858872325,3
train_holdout,wrn_40_2,cifar100,forget_events,0.9103873799519705,0.0007460360400745799,3
train_holdout,wrn_40_2,cifar100,margin,0.4828242186368439,0.02707456816360892,3
train_holdout,wrn_40_2,cifar100,msp,0.47857052083887536,0.0280183659271017,3
train_holdout,wrn_40_2,cifar100,pred_depth,0.7156675896021486,0.003558888979675072,3
