split,arch,dataset,score,pair,rho_seed,n
test,convnext_femto,cifar100,msp,s1|s2,0.4374902418657744,10000
test,convnext_femto,cifar100,margin,s1|s2,0.4516051987000506,10000
test,convnext_femto,cifar100,entropy,s1|s2,0.4342810973557479,10000
test,convnext_femto,cifar100,ce_loss,s1|s2,0.7069699763444052,10000
test,convnext_femto,cifar100,pred_depth,s1|s2,0.5892173959409633,10000
test,convnext_femto,cifar100,msp,s1|s3,0.4377973098698792,10000
test,convnext_femto,cifar100,margin,s1|s3,0.45434574903660274,10000
test,convnext_femto,cifar100,entropy,s1|s3,0.43363010908911526,10000
test,convnext_femto,cifar100,ce_loss,s1|s3,0.7089658975419072,10000
test,convnext_femto,cifar100,pred_depth,s1|s3,0.5864495107306436,10000
test,convnext_femto,cifar100,msp,s2|s3,0.44636442865467457,10000
test,convnext_femto,cifar100,margin,s2|s3,0.45997628837217874,10000
test,convnext_femto,cifar100,entropy,s2|s3,0.4421698039935956,10000
test,convnext_femto,cifar100,ce_loss,s2|s3,0.709614663350583,10000
test,convnext_femto,cifar100,pred_depth,s2|s3,0.5873476393209743,10000
test,mixer_nano,cifar100,msp,s1|s2,0.22055178194688643,10000
test,mixer_nano,cifar100,margin,s1|s2,0.24806767409104993,10000
test,mixer_nano,cifar100,entropy,s1|s2,0.21095973766498927,10000
test,mixer_nano,cifar100,ce_loss,s1|s2,0.6491405454168838,10000
test,mixer_nano,cifar100,pred_depth,s1|s2,0.4520508035848341,10000
test,mixer_nano,cifar100,msp,s1|s3,0.23454511092903463,10000
test,mixer_nano,cifar100,margin,s1|s3,0.2636751509976605,10000
test,mixer_nano,cifar100,entropy,s1|s3,0.22528440279503698,10000
test,mixer_nano,cifar100,ce_loss,s1|s3,0.6540744052172307,10000
test,mixer_nano,cifar100,pred_depth,s1|s3,0.39226808659558826,10000
test,mixer_nano,cifar100,msp,s2|s3,0.19510793149512193,10000
test,mixer_nano,cifar100,margin,s2|s3,0.2232574852598544,10000
test,mixer_nano,cifar100,entropy,s2|s3,0.1842069544305694,10000
test,mixer_nano,cifar100,ce_loss,s2|s3,0.6368088397410415,10000
test,mixer_nano,cifar100,pred_depth,s2|s3,0.45140707082665804,10000
test,mobilenetv2,cifar100,msp,s1|s2,0.794779739527235,10000
test,mobilenetv2,cifar100,margin,s1|s2,0.7561783474864353,10000
test,mobilenetv2,cifar100,entropy,s1|s2,0.8340476340909869,10000
test,mobilenetv2,cifar100,ce_loss,s1|s2,0.8749233234218396,10000
test,mobilenetv2,cifar100,pred_depth,s1|s2,0.6072776040676896,10000
test,mobilenetv2,cifar100,msp,s1|s3,0.7899346474773007,10000
test,mobilenetv2,cifar100,margin,s1|s3,0.7506377754779147,10000
test,mobilenetv2,cifar100,entropy,s1|s3,0.830332501893289,10000
test,mobilenetv2,cifar100,ce_loss,s1|s3,0.8748675939568966,10000
test,mobilenetv2,cifar100,pred_depth,s1|s3,0.6152671006980475,10000
test,mobilenetv2,cifar100,msp,s2|s3,0.7868378641718935,10000
test,mobilenetv2,cifar100,margin,s2|s3,0.7484998821126062,10000
test,mobilenetv2,cifar100,entropy,s2|s3,0.8267861259782631,10000
test,mobilenetv2,cifar100,ce_loss,s2|s3,0.8728835909095736,10000
test,mobilenetv2,cifar100,pred_depth,s2|s3,0.6182813965907357,10000
test,resnet110,cifar100,msp,s1|s2,0.7281951117090809,10000
test,resnet110,cifar100,margin,s1|s2,0.7103214551326711,10000
test,resnet110,cifar100,entropy,s1|s2,0.7505527986865346,10000
test,resnet110,cifar100,ce_loss,s1|s2,0.8166487769737748,10000
test,resnet110,cifar100,pred_depth,s1|s2,0.5752834889907937,10000
test,resnet110,cifar100,msp,s1|s3,0.7010758491925259,10000
test,resnet110,cifar100,margin,s1|s3,0.6821151431153516,10000
test,resnet110,cifar100,entropy,s1|s3,0.7251115780078172,10000
test,resnet110,cifar100,ce_loss,s1|s3,0.7943316488811526,10000
test,resnet110,cifar100,pred_depth,s1|s3,0.5708306613368735,10000
test,resnet110,cifar100,msp,s2|s3,0.6901552742546305,10000
test,resnet110,cifar100,margin,s2|s3,0.6763881386869591,10000
test,resnet110,cifar100,entropy,s2|s3,0.7097830467983478,10000
test,resnet110,cifar100,ce_loss,s2|s3,0.7926796779571311,10000
test,resnet110,cifar100,pred_depth,s2|s3,0.5790231610199701,10000
test,resnet20,cifar100,msp,s1|s2,0.7359695462447403,10000
test,resnet20,cifar100,margin,s1|s2,0.7012585563486246,10000
test,resnet20,cifar100,entropy,s1|s2,0.7747656643249539,10000
test,resnet20,cifar100,ce_loss,s1|s2,0.8295092101282671,10000
test,resnet20,cifar100,pred_depth,s1|s2,0.5713387446223888,10000
test,resnet20,cifar100,msp,s1|s3,0.7417144973458663,10000
test,resnet20,cifar100,margin,s1|s3,0.7065195660193314,10000
test,resnet20,cifar100,entropy,s1|s3,0.7791180855328675,10000
test,resnet20,cifar100,ce_loss,s1|s3,0.8331756605801068,10000
test,resnet20,cifar100,pred_depth,s1|s3,0.5727563772959542,10000
test,resnet20,cifar100,msp,s2|s3,0.7406298472818174,10000
test,resnet20,cifar100,margin,s2|s3,0.7059927685167321,10000
test,resnet20,cifar100,entropy,s2|s3,0.7787942588096245,10000
test,resnet20,cifar100,ce_loss,s2|s3,0.8342636923838594,10000
test,resnet20,cifar100,pred_depth,s2|s3,0.572955809356218,10000
test,resnet32x4,cifar100,msp,s1|s2,0.5544781267024242,10000
test,resnet32x4,cifar100,margin,s1|s2,0.530850522574946,10000
test,resnet32x4,cifar100,entropy,s1|s2,0.5691446624939838,10000
test,resnet32x4,cifar100,ce_loss,s1|s2,0.662423986960658,10000
test,resnet32x4,cifar100,pred_depth,s1|s2,0.4680922977388071,10000
test,resnet32x4,cifar100,msp,s1|s3,0.7403086840260671,10000
test,resnet32x4,cifar100,margin,s1|s3,0.7370549655401069,10000
test,resnet32x4,cifar100,entropy,s1|s3,0.7435431386510457,10000
test,resnet32x4,cifar100,ce_loss,s1|s3,0.8020715731385751,10000
test,resnet32x4,cifar100,pred_depth,s1|s3,0.6679657202877339,10000
test,resnet32x4,cifar100,msp,s2|s3,0.5461689359809658,10000
test,resnet32x4,cifar100,margin,s2|s3,0.523147618614191,10000
test,resnet32x4,cifar100,entropy,s2|s3,0.5609150669132471,10000
test,resnet32x4,cifar100,ce_loss,s2|s3,0.661148326320978,10000
test,resnet32x4,cifar100,pred_depth,s2|s3,0.4562419571024411,10000
test,resnet50,imagenet100,msp,s1|s2,0.6618523799138449,10000
test,resnet50,imagenet100,margin,s1|s2,0.674983921310987,10000
test,resnet50,imagenet100,entropy,s1|s2,0.6506369897416484,10000
test,resnet50,imagenet100,ce_loss,s1|s2,0.7329242554592058,10000
test,resnet50,imagenet100,pred_depth,s1|s2,0.7396624071734609,10000
test,resnet56,cifar100,msp,s1|s2,0.7348465490833906,10000
test,resnet56,cifar100,margin,s1|s2,0.7144367501023737,10000
test,resnet56,cifar100,entropy,s1|s2,0.7600901306863027,10000
test,resnet56,cifar100,ce_loss,s1|s2,0.8240916677429322,10000
test,resnet56,cifar100,pred_depth,s1|s2,0.5858392045488767,10000
test,resnet56,cifar100,msp,s1|s3,0.7194489094353451,10000
test,resnet56,cifar100,margin,s1|s3,0.7013598952362389,10000
test,resnet56,cifar100,entropy,s1|s3,0.7428437915575806,10000
test,resnet56,cifar100,ce_loss,s1|s3,0.8108647255273126,10000
test,resnet56,cifar100,pred_depth,s1|s3,0.5748039035845248,10000
test,resnet56,cifar100,msp,s2|s3,0.7190055084250717,10000
test,resnet56,cifar100,margin,s2|s3,0.7017145677261019,10000
test,resnet56,cifar100,entropy,s2|s3,0.7406254194215856,10000
test,resnet56,cifar100,ce_loss,s2|s3,0.8106954473586213,10000
test,resnet56,cifar100,pred_depth,s2|s3,0.5758180219724982,10000
test,resnet8x4,cifar100,msp,s1|s2,0.7986435486326667,10000
test,resnet8x4,cifar100,margin,s1|s2,0.7712455061443003,10000
test,resnet8x4,cifar100,entropy,s1|s2,0.8300401136608516,10000
test,resnet8x4,cifar100,ce_loss,s1|s2,0.87173980453387,10000
test,resnet8x4,cifar100,pred_depth,s1|s2,0.5947130105745451,10000
test,resnet8x4,cifar100,msp,s1|s3,0.7901611690153748,10000
test,resnet8x4,cifar100,margin,s1|s3,0.7624761423641111,10000
test,resnet8x4,cifar100,entropy,s1|s3,0.8223452058397873,10000
test,resnet8x4,cifar100,ce_loss,s1|s3,0.8647082903552132,10000
test,resnet8x4,cifar100,pred_depth,s1|s3,0.5943001499274804,10000
test,resnet8x4,cifar100,msp,s2|s3,0.8033809587958856,10000
test,resnet8x4,cifar100,margin,s2|s3,0.7751439014316092,10000
test,resnet8x4,cifar100,entropy,s2|s3,0.8345920358069431,10000
test,resnet8x4,cifar100,ce_loss,s2|s3,0.8731014895372536,10000
test,resnet8x4,cifar100,pred_depth,s2|s3,0.6080606848031602,10000
test,shufflenetv2,cifar100,msp,s1|s2,0.7604864499118957,10000
test,shufflenetv2,cifar100,margin,s1|s2,0.7311778644017722,10000
test,shufflenetv2,cifar100,entropy,s1|s2,0.7928529199848005,10000
test,shufflenetv2,cifar100,ce_loss,s1|s2,0.8460480687713714,10000
test,shufflenetv2,cifar100,pred_depth,s1|s2,0.5788375316237035,10000
test,shufflenetv2,cifar100,msp,s1|s3,0.7616021252285757,10000
test,shufflenetv2,cifar100,margin,s1|s3,0.7340640190356534,10000
test,shufflenetv2,cifar100,entropy,s1|s3,0.7964849406567966,10000
test,shufflenetv2,cifar100,ce_loss,s1|s3,0.8495578693547298,10000
test,shufflenetv2,cifar100,pred_depth,s1|s3,0.5866553837559777,10000
test,shufflenetv2,cifar100,msp,s2|s3,0.759720444942396,10000
test,shufflenetv2,cifar100,margin,s2|s3,0.7319178292795904,10000
test,shufflenetv2,cifar100,entropy,s2|s3,0.7911586382182006,10000
test,shufflenetv2,cifar100,ce_loss,s2|s3,0.849973191176617,10000
test,shufflenetv2,cifar100,pred_depth,s2|s3,0.5944571670571016,10000
test,vgg13,cifar100,msp,s1|s2,0.5679046060522697,10000
test,vgg13,cifar100,margin,s1|s2,0.5411896361083232,10000
test,vgg13,cifar100,entropy,s1|s2,0.5883651636742421,10000
test,vgg13,cifar100,ce_loss,s1|s2,0.691758155089323,10000
test,vgg13,cifar100,pred_depth,s1|s2,0.4263764040490332,10000
test,vgg13,cifar100,msp,s1|s3,0.7832563570678055,10000
test,vgg13,cifar100,margin,s1|s3,0.7734877111552086,10000
test,vgg13,cifar100,entropy,s1|s3,0.7942934449308487,10000
test,vgg13,cifar100,ce_loss,s1|s3,0.8515925007835438,10000
test,vgg13,cifar100,pred_depth,s1|s3,0.6433234737501019,10000
test,vgg13,cifar100,msp,s2|s3,0.57476668571876,10000
test,vgg13,cifar100,margin,s2|s3,0.544476539347798,10000
test,vgg13,cifar100,entropy,s2|s3,0.5975201618721644,10000
test,vgg13,cifar100,ce_loss,s2|s3,0.6910177834742018,10000
test,vgg13,cifar100,pred_depth,s2|s3,0.42869688647398274,10000
test,vgg8,cifar100,msp,s1|s2,0.7862967174085357,10000
test,vgg8,cifar100,margin,s1|s2,0.7644666613831168,10000
test,vgg8,cifar100,entropy,s1|s2,0.8138855605926222,10000
test,vgg8,cifar100,ce_loss,s1|s2,0.866549378247935,10000
test,vgg8,cifar100,pred_depth,s1|s2,0.6282404533203757,10000
test,vgg8,cifar100,msp,s1|s3,0.7817747124245114,10000
test,vgg8,cifar100,margin,s1|s3,0.7599625096618285,10000
test,vgg8,cifar100,entropy,s1|s3,0.808423064660357,10000
test,vgg8,cifar100,ce_loss,s1|s3,0.8651000718947759,10000
test,vgg8,cifar100,pred_depth,s1|s3,0.6165063839383181,10000
test,vgg8,cifar100,msp,s2|s3,0.7885663081518267,10000
test,vgg8,cifar100,margin,s2|s3,0.7666015781676888,10000
test,vgg8,cifar100,entropy,s2|s3,0.8154867519010999,10000
test,vgg8,cifar100,ce_loss,s2|s3,0.8675380570712696,10000
test,vgg8,cifar100,pred_depth,s2|s3,0.6212699744417916,10000
test,vit_small_p16,imagenet100,msp,s1|s2,0.456300754530413,10000
test,vit_small_p16,imagenet100,margin,s1|s2,0.46538389028104266,10000
test,vit_small_p16,imagenet100,entropy,s1|s2,0.45578770761722437,10000
test,vit_small_p16,imagenet100,ce_loss,s1|s2,0.7340647454921506,10000
test,vit_small_p16,imagenet100,pred_depth,s1|s2,0.5883641805535297,10000
test,vit_tiny,cifar100,msp,s1|s2,0.31995688064099403,10000
test,vit_tiny,cifar100,margin,s1|s2,0.33439391240950234,10000
test,vit_tiny,cifar100,entropy,s1|s2,0.3162589100008208,10000
test,vit_tiny,cifar100,ce_loss,s1|s2,0.671376984092759,10000
test,vit_tiny,cifar100,pred_depth,s1|s2,0.4351624906451626,10000
test,vit_tiny,cifar100,msp,s1|s3,0.309697044031965,10000
test,vit_tiny,cifar100,margin,s1|s3,0.32264633398030773,10000
test,vit_tiny,cifar100,entropy,s1|s3,0.30786308204417906,10000
test,vit_tiny,cifar100,ce_loss,s1|s3,0.6700970843268147,10000
test,vit_tiny,cifar100,pred_depth,s1|s3,0.43490831041315003,10000
test,vit_tiny,cifar100,msp,s2|s3,0.23628478604601094,10000
test,vit_tiny,cifar100,margin,s2|s3,0.27223395547752716,10000
test,vit_tiny,cifar100,entropy,s2|s3,0.22440286689553213,10000
test,vit_tiny,cifar100,ce_loss,s2|s3,0.6780740418178737,10000
test,vit_tiny,cifar100,pred_depth,s2|s3,0.5224113767784583,10000
test,wrn_16_2,cifar100,msp,s1|s2,0.6112182534372337,10000
test,wrn_16_2,cifar100,margin,s1|s2,0.5674196072951111,10000
test,wrn_16_2,cifar100,entropy,s1|s2,0.6506087186057982,10000
test,wrn_16_2,cifar100,ce_loss,s1|s2,0.7264763932106055,10000
test,wrn_16_2,cifar100,pred_depth,s1|s2,0.43919068120454435,10000
test,wrn_16_2,cifar100,msp,s1|s3,0.7639405688579385,10000
test,wrn_16_2,cifar100,margin,s1|s3,0.7415283775022362,10000
test,wrn_16_2,cifar100,entropy,s1|s3,0.7919495190209984,10000
test,wrn_16_2,cifar100,ce_loss,s1|s3,0.841136514505299,10000
test,wrn_16_2,cifar100,pred_depth,s1|s3,0.5918820113830946,10000
test,wrn_16_2,cifar100,msp,s2|s3,0.6182495951072855,10000
test,wrn_16_2,cifar100,margin,s2|s3,0.575288348383894,10000
test,wrn_16_2,cifar100,entropy,s2|s3,0.6582036097438838,10000
test,wrn_16_2,cifar100,ce_loss,s2|s3,0.7397609231596017,10000
test,wrn_16_2,cifar100,pred_depth,s2|s3,0.43441823200564744,10000
test,wrn_40_1,cifar100,msp,s1|s2,0.7374243095109424,10000
test,wrn_40_1,cifar100,margin,s1|s2,0.7126694376205084,10000
test,wrn_40_1,cifar100,entropy,s1|s2,0.7654495148596805,10000
test,wrn_40_1,cifar100,ce_loss,s1|s2,0.8210437811290479,10000
test,wrn_40_1,cifar100,pred_depth,s1|s2,0.567802628078583,10000
test,wrn_40_1,cifar100,msp,s1|s3,0.5707904194358817,10000
test,wrn_40_1,cifar100,margin,s1|s3,0.5285446091375114,10000
test,wrn_40_1,cifar100,entropy,s1|s3,0.6031517233965645,10000
test,wrn_40_1,cifar100,ce_loss,s1|s3,0.7009428842306532,10000
test,wrn_40_1,cifar100,pred_depth,s1|s3,0.4110929666808272,10000
test,wrn_40_1,cifar100,msp,s2|s3,0.5659949783911301,10000
test,wrn_40_1,cifar100,margin,s2|s3,0.5229508079376163,10000
test,wrn_40_1,cifar100,entropy,s2|s3,0.6003372888723779,10000
test,wrn_40_1,cifar100,ce_loss,s2|s3,0.7013646318469646,10000
test,wrn_40_1,cifar100,pred_depth,s2|s3,0.3936762942326046,10000
test,wrn_40_2,cifar100,msp,s1|s2,0.7093516352984666,10000
test,wrn_40_2,cifar100,margin,s1|s2,0.7015642804009307,10000
test,wrn_40_2,cifar100,entropy,s1|s2,0.7187837108827753,10000
test,wrn_40_2,cifar100,ce_loss,s1|s2,0.7896637833476526,10000
test,wrn_40_2,cifar100,pred_depth,s1|s2,0.6070076357243828,10000
test,wrn_40_2,cifar100,msp,s1|s3,0.6975503833684598,10000
test,wrn_40_2,cifar100,margin,s1|s3,0.6886153780729126,10000
test,wrn_40_2,cifar100,entropy,s1|s3,0.708090642427652,10000
test,wrn_40_2,cifar100,ce_loss,s1|s3,0.7838168813044971,10000
test,wrn_40_2,cifar100,pred_depth,s1|s3,0.6267912165886803,10000
test,wrn_40_2,cifar100,msp,s2|s3,0.7024103436382179,10000
test,wrn_40_2,cifar100,margin,s2|s3,0.6944675838265969,10000
test,wrn_40_2,cifar100,entropy,s2|s3,0.7114874424416812,10000
test,wrn_40_2,cifar100,ce_loss,s2|s3,0.7870460470570865,10000
test,wrn_40_2,cifar100,pred_depth,s2|s3,0.5995520312436696,10000
train_holdout,convnext_femto,cifar100,msp,s1|s2,0.1645724130048148,5000
train_holdout,convnext_femto,cifar100,margin,s1|s2,0.1633012435627997,5000
train_holdout,convnext_femto,cifar100,entropy,s1|s2,0.16449780302333952,5000
train_holdout,convnext_femto,cifar100,ce_loss,s1|s2,0.1645724130048148,5000
train_holdout,convnext_femto,cifar100,el2n,s1|s2,0.6823283875525185,5000
train_holdout,convnext_femto,cifar100,forget_events,s1|s2,0.8388970032198478,5000
train_holdout,convnext_femto,cifar100,pred_depth,s1|s2,0.755009325529822,5000
train_holdout,convnext_femto,cifar100,msp,s1|s3,0.13972665812853097,5000
train_holdout,convnext_femto,cifar100,margin,s1|s3,0.13874855089706992,5000
train_holdout,convnext_femto,cifar100,entropy,s1|s3,0.1395528880695604,5000
train_holdout,convnext_femto,cifar100,ce_loss,s1|s3,0.13972665822453098,5000
train_holdout,convnext_femto,cifar100,el2n,s1|s3,0.6828213273959549,5000
train_holdout,convnext_femto,cifar100,forget_events,s1|s3,0.8341802233264038,5000
train_holdout,convnext_femto,cifar100,pred_depth,s1|s3,0.7262958028051273,5000
train_holdout,convnext_femto,cifar100,msp,s2|s3,0.14681865463606028,5000
train_holdout,convnext_femto,cifar100,margin,s2|s3,0.14546399834497492,5000
train_holdout,convnext_femto,cifar100,entropy,s2|s3,0.1466768661483581,5000
train_holdout,convnext_femto,cifar100,ce_loss,s2|s3,0.1468186547320603,5000
train_holdout,convnext_femto,cifar100,el2n,s2|s3,0.6875900065001197,5000
train_holdout,convnext_femto,cifar100,forget_events,s2|s3,0.8360909454135694,5000
train_holdout,convnext_femto,cifar100,pred_depth,s2|s3,0.7424878443009219,5000
train_holdout,mixer_nano,cifar100,msp,s1|s2,0.1254660921279413,5000
train_holdout,mixer_nano,cifar100,margin,s1|s2,0.12387556178437631,5000
train_holdout,mixer_nano,cifar100,entropy,s1|s2,0.12576609319486437,5000
train_holdout,mixer_nano,cifar100,ce_loss,s1|s2,0.1254660922239413,5000
train_holdout,mixer_nano,cifar100,el2n,s1|s2,0.6515872403024039,5000
train_holdout,mixer_nano,cifar100,forget_events,s1|s2,0.8455156329943322,5000
train_holdout,mixer_nano,cifar100,pred_depth,s1|s2,0.5075418411058251,5000
train_holdout,mixer_nano,cifar100,msp,s1|s3,0.08383578996464955,5000
train_holdout,mixer_nano,cifar100,margin,s1|s3,0.08064099168305192,5000
train_holdout,mixer_nano,cifar100,entropy,s1|s3,0.08436598276906064,5000
train_holdout,mixer_nano,cifar100,ce_loss,s1|s3,0.08383578996464955,5000
train_holdout,mixer_nano,cifar100,el2n,s1|s3,0.6457703315078043,5000
train_holdout,mixer_nano,cifar100,forget_events,s1|s3,0.8412878317641785,5000
train_holdout,mixer_nano,cifar100,pred_depth,s1|s3,0.3744113465362704,5000
train_holdout,mixer_nano,cifar100,msp,s2|s3,0.11441315535332286,5000
train_holdout,mixer_nano,cifar100,margin,s2|s3,0.11058976374530627,5000
train_holdout,mixer_nano,cifar100,entropy,s2|s3,0.11484215897654197,5000
train_holdout,mixer_nano,cifar100,ce_loss,s2|s3,0.11441315525732285,5000
train_holdout,mixer_nano,cifar100,el2n,s2|s3,0.6369580817641842,5000
train_holdout,mixer_nano,cifar100,forget_events,s2|s3,0.8389692608196146,5000
train_holdout,mixer_nano,cifar100,pred_depth,s2|s3,0.4376823796839184,5000
train_holdout,mobilenetv2,cifar100,msp,s1|s2,0.8191523388329043,5000
train_holdout,mobilenetv2,cifar100,margin,s1|s2,0.7938955868954938,5000
train_holdout,mobilenetv2,cifar100,entropy,s1|s2,0.8429898172960564,5000
train_holdout,mobilenetv2,cifar100,ce_loss,s1|s2,0.8516133399719404,5000
train_holdout,mobilenetv2,cifar100,el2n,s1|s2,0.5661368453582357,5000
train_holdout,mobilenetv2,cifar100,forget_events,s1|s2,0.8860061752896222,5000
train_holdout,mobilenetv2,cifar100,pred_depth,s1|s2,0.6459077064761041,5000
train_holdout,mobilenetv2,cifar100,msp,s1|s3,0.8120820948905331,5000
train_holdout,mobilenetv2,cifar100,margin,s1|s3,0.7893214971713008,5000
train_holdout,mobilenetv2,cifar100,entropy,s1|s3,0.8330413921656347,5000
train_holdout,mobilenetv2,cifar100,ce_loss,s1|s3,0.8455132261241294,5000
train_holdout,mobilenetv2,cifar100,el2n,s1|s3,0.5749368161814725,5000
train_holdout,mobilenetv2,cifar100,forget_events,s1|s3,0.8799039161470116,5000
train_holdout,mobilenetv2,cifar100,pred_depth,s1|s3,0.657320112057053,5000
train_holdout,mobilenetv2,cifar100,msp,s2|s3,0.8154592922320762,5000
train_holdout,mobilenetv2,cifar100,margin,s2|s3,0.7898833276940415,5000
train_holdout,mobilenetv2,cifar100,entropy,s2|s3,0.841125200793569,5000
train_holdout,mobilenetv2,cifar100,ce_loss,s2|s3,0.8487867688323719,5000
train_holdout,mobilenetv2,cifar100,el2n,s2|s3,0.5638442833783681,5000
train_holdout,mobilenetv2,cifar100,forget_events,s2|s3,0.8799798642498513,5000
train_holdout,mobilenetv2,cifar100,pred_depth,s2|s3,0.6404952583015442,5000
train_holdout,resnet110,cifar100,msp,s1|s2,0.6554213867703862,5000
train_holdout,resnet110,cifar100,margin,s1|s2,0.6506316805547132,5000
train_holdout,resnet110,cifar100,entropy,s1|s2,0.6553850238628596,5000
train_holdout,resnet110,cifar100,ce_loss,s1|s2,0.6682865901774744,5000
train_holdout,resnet110,cifar100,el2n,s1|s2,0.5921589478392051,5000
train_holdout,resnet110,cifar100,forget_events,s1|s2,0.856739317481204,5000
train_holdout,resnet110,cifar100,pred_depth,s1|s2,0.6162550341416222,5000
train_holdout,resnet110,cifar100,msp,s1|s3,0.5968260328983623,5000
train_holdout,resnet110,cifar100,margin,s1|s3,0.5932956438682232,5000
train_holdout,resnet110,cifar100,entropy,s1|s3,0.5959594333549835,5000
train_holdout,resnet110,cifar100,ce_loss,s1|s3,0.6122579984273393,5000
train_holdout,resnet110,cifar100,el2n,s1|s3,0.5939039108886638,5000
train_holdout,resnet110,cifar100,forget_events,s1|s3,0.8502175056502295,5000
train_holdout,resnet110,cifar100,pred_depth,s1|s3,0.6104754565263377,5000
train_holdout,resnet110,cifar100,msp,s2|s3,0.5908755664920435,5000
train_holdout,resnet110,cifar100,margin,s2|s3,0.5873949283242943,5000
train_holdout,resnet110,cifar100,entropy,s2|s3,0.5920985984163648,5000
train_holdout,resnet110,cifar100,ce_loss,s2|s3,0.591162645348583,5000
train_holdout,resnet110,cifar100,el2n,s2|s3,0.5932806604317038,5000
train_holdout,resnet110,cifar100,forget_events,s2|s3,0.8745376343789948,5000
train_holdout,resnet110,cifar100,pred_depth,s2|s3,0.678885245812585,5000
train_holdout,resnet20,cifar100,msp,s1|s2,0.7630422177799818,5000
train_holdout,resnet20,cifar100,margin,s1|s2,0.7444681871619907,5000
train_holdout,resnet20,cifar100,entropy,s1|s2,0.7792539758955633,5000
train_holdout,resnet20,cifar100,ce_loss,s1|s2,0.7854403654570623,5000
train_holdout,resnet20,cifar100,el2n,s1|s2,0.5833906261116304,5000
train_holdout,resnet20,cifar100,forget_events,s1|s2,0.8471768728502554,5000
train_holdout,resnet20,cifar100,pred_depth,s1|s2,0.6305898247901087,5000
train_holdout,resnet20,cifar100,msp,s1|s3,0.7728802400925905,5000
train_holdout,resnet20,cifar100,margin,s1|s3,0.7551890835966768,5000
train_holdout,resnet20,cifar100,entropy,s1|s3,0.7859648419563201,5000
train_holdout,resnet20,cifar100,ce_loss,s1|s3,0.7973525387018819,5000
train_holdout,resnet20,cifar100,el2n,s1|s3,0.5993965143694026,5000
train_holdout,resnet20,cifar100,forget_events,s1|s3,0.8503890465297851,5000
train_holdout,resnet20,cifar100,pred_depth,s1|s3,0.6378152196424456,5000
train_holdout,resnet20,cifar100,msp,s2|s3,0.7738660761230387,5000
train_holdout,resnet20,cifar100,margin,s2|s3,0.7554715471380947,5000
train_holdout,resnet20,cifar100,entropy,s2|s3,0.7897503678679229,5000
train_holdout,resnet20,cifar100,ce_loss,s2|s3,0.7951116457341628,5000
train_holdout,resnet20,cifar100,el2n,s2|s3,0.5839422922457501,5000
train_holdout,resnet20,cifar100,forget_events,s2|s3,0.8464290169754901,5000
train_holdout,resnet20,cifar100,pred_depth,s2|s3,0.621146859141009,5000
train_holdout,resnet32x4,cifar100,msp,s1|s2,0.20463945953925491,5000
train_holdout,resnet32x4,cifar100,margin,s1|s2,0.2158035238079189,5000
train_holdout,resnet32x4,cifar100,entropy,s1|s2,0.1891098259574703,5000
train_holdout,resnet32x4,cifar100,ce_loss,s1|s2,0.21148117207988035,5000
train_holdout,resnet32x4,cifar100,el2n,s1|s2,0.6224319900631565,5000
train_holdout,resnet32x4,cifar100,forget_events,s1|s2,0.791138185008233,5000
train_holdout,resnet32x4,cifar100,pred_depth,s1|s2,0.4757122738724085,5000
train_holdout,resnet32x4,cifar100,msp,s1|s3,0.3408711929290217,5000
train_holdout,resnet32x4,cifar100,margin,s1|s3,0.3445495327131083,5000
train_holdout,resnet32x4,cifar100,entropy,s1|s3,0.3380343926896014,5000
train_holdout,resnet32x4,cifar100,ce_loss,s1|s3,0.3408711929290217,5000
train_holdout,resnet32x4,cifar100,el2n,s1|s3,0.6208641454563674,5000
train_holdout,resnet32x4,cifar100,forget_events,s1|s3,0.9236343233908639,5000
train_holdout,resnet32x4,cifar100,pred_depth,s1|s3,0.7806003123834088,5000
train_holdout,resnet32x4,cifar100,msp,s2|s3,0.20738362192586324,5000
train_holdout,resnet32x4,cifar100,margin,s2|s3,0.21701726719664624,5000
train_holdout,resnet32x4,cifar100,entropy,s2|s3,0.19228948547680932,5000
train_holdout,resnet32x4,cifar100,ce_loss,s2|s3,0.2174309904752122,5000
train_holdout,resnet32x4,cifar100,el2n,s2|s3,0.6337542231725893,5000
train_holdout,resnet32x4,cifar100,forget_events,s2|s3,0.7854995663020006,5000
train_holdout,resnet32x4,cifar100,pred_depth,s2|s3,0.485630896586589,5000
train_holdout,resnet50,imagenet100,msp,s1|s2,0.3372132041016099,15000
train_holdout,resnet50,imagenet100,margin,s1|s2,0.3199856286084322,15000
train_holdout,resnet50,imagenet100,entropy,s1|s2,0.34761100663416494,15000
train_holdout,resnet50,imagenet100,ce_loss,s1|s2,0.3373065717386933,15000
train_holdout,resnet50,imagenet100,el2n,s1|s2,0.7010750899155415,15000
train_holdout,resnet50,imagenet100,forget_events,s1|s2,0.860640782443559,15000
train_holdout,resnet50,imagenet100,pred_depth,s1|s2,0.7996776230523015,15000
train_holdout,resnet56,cifar100,msp,s1|s2,0.7281243694353641,5000
train_holdout,resnet56,cifar100,margin,s1|s2,0.7217589587694457,5000
train_holdout,resnet56,cifar100,entropy,s1|s2,0.73254965916273,5000
train_holdout,resnet56,cifar100,ce_loss,s1|s2,0.731913349329376,5000
train_holdout,resnet56,cifar100,el2n,s1|s2,0.5992432107201102,5000
train_holdout,resnet56,cifar100,forget_events,s1|s2,0.873616403158804,5000
train_holdout,resnet56,cifar100,pred_depth,s1|s2,0.6511075198858728,5000
train_holdout,resnet56,cifar100,msp,s1|s3,0.6941018747003129,5000
train_holdout,resnet56,cifar100,margin,s1|s3,0.6895914202848038,5000
train_holdout,resnet56,cifar100,entropy,s1|s3,0.6962433766991548,5000
train_holdout,resnet56,cifar100,ce_loss,s1|s3,0.6968478391703016,5000
train_holdout,resnet56,cifar100,el2n,s1|s3,0.5943406518661545,5000
train_holdout,resnet56,cifar100,forget_events,s1|s3,0.8677480198899234,5000
train_holdout,resnet56,cifar100,pred_depth,s1|s3,0.6569517302717108,5000
train_holdout,resnet56,cifar100,msp,s2|s3,0.6976366258208315,5000
train_holdout,resnet56,cifar100,margin,s2|s3,0.6919747331239046,5000
train_holdout,resnet56,cifar100,entropy,s2|s3,0.700132788023721,5000
train_holdout,resnet56,cifar100,ce_loss,s2|s3,0.7014936004332569,5000
train_holdout,resnet56,cifar100,el2n,s2|s3,0.5950024668063788,5000
train_holdout,resnet56,cifar100,forget_events,s2|s3,0.8754047680402074,5000
train_holdout,resnet56,cifar100,pred_depth,s2|s3,0.65740840483955,5000
train_holdout,resnet8x4,cifar100,msp,s1|s2,0.7944963625837672,5000
train_holdout,resnet8x4,cifar100,margin,s1|s2,0.7833894889732363,5000
train_holdout,resnet8x4,cifar100,entropy,s1|s2,0.8055324731079646,5000
train_holdout,resnet8x4,cifar100,ce_loss,s1|s2,0.7993832428965276,5000
train_holdout,resnet8x4,cifar100,el2n,s1|s2,0.6479115650040125,5000
train_holdout,resnet8x4,cifar100,forget_events,s1|s2,0.9021533821580511,5000
train_holdout,resnet8x4,cifar100,pred_depth,s1|s2,0.6659920320548526,5000
train_holdout,resnet8x4,cifar100,msp,s1|s3,0.7968313612078018,5000
train_holdout,resnet8x4,cifar100,margin,s1|s3,0.7851187981900208,5000
train_holdout,resnet8x4,cifar100,entropy,s1|s3,0.8080625321852885,5000
train_holdout,resnet8x4,cifar100,ce_loss,s1|s3,0.8006950568017674,5000
train_holdout,resnet8x4,cifar100,el2n,s1|s3,0.652859184594036,5000
train_holdout,resnet8x4,cifar100,forget_events,s1|s3,0.902205093022924,5000
train_holdout,resnet8x4,cifar100,pred_depth,s1|s3,0.6657555632568161,5000
train_holdout,resnet8x4,cifar100,msp,s2|s3,0.7922607522615599,5000
train_holdout,resnet8x4,cifar100,margin,s2|s3,0.7822742169241778,5000
train_holdout,resnet8x4,cifar100,entropy,s2|s3,0.8020786258656449,5000
train_holdout,resnet8x4,cifar100,ce_loss,s2|s3,0.7969628270894771,5000
train_holdout,resnet8x4,cifar100,el2n,s2|s3,0.6516540035061601,5000
train_holdout,resnet8x4,cifar100,forget_events,s2|s3,0.9044376774798896,5000
train_holdout,resnet8x4,cifar100,pred_depth,s2|s3,0.6653145624804044,5000
train_holdout,shufflenetv2,cifar100,msp,s1|s2,0.7631079497412376,5000
train_holdout,shufflenetv2,cifar100,margin,s1|s2,0.7506883953106758,5000
train_holdout,shufflenetv2,cifar100,entropy,s1|s2,0.772575330316097,5000
train_holdout,shufflenetv2,cifar100,ce_loss,s1|s2,0.7720234773216096,5000
train_holdout,shufflenetv2,cifar100,el2n,s1|s2,0.6118423025030606,5000
train_holdout,shufflenetv2,cifar100,forget_events,s1|s2,0.8647178266617858,5000
train_holdout,shufflenetv2,cifar100,pred_depth,s1|s2,0.6387214140626856,5000
train_holdout,shufflenetv2,cifar100,msp,s1|s3,0.7766908596209243,5000
train_holdout,shufflenetv2,cifar100,margin,s1|s3,0.7660085520103102,5000
train_holdout,shufflenetv2,cifar100,entropy,s1|s3,0.7841243095974293,5000
train_holdout,shufflenetv2,cifar100,ce_loss,s1|s3,0.7843996271259517,5000
train_holdout,shufflenetv2,cifar100,el2n,s1|s3,0.5935719315616144,5000
train_holdout,shufflenetv2,cifar100,forget_events,s1|s3,0.8714327447145594,5000
train_holdout,shufflenetv2,cifar100,pred_depth,s1|s3,0.6470978823929049,5000
train_holdout,shufflenetv2,cifar100,msp,s2|s3,0.7579319050831612,5000
train_holdout,shufflenetv2,cifar100,margin,s2|s3,0.7478829845054071,5000
train_holdout,shufflenetv2,cifar100,entropy,s2|s3,0.7654631629936398,5000
train_holdout,shufflenetv2,cifar100,ce_loss,s2|s3,0.7655763530215962,5000
train_holdout,shufflenetv2,cifar100,el2n,s2|s3,0.6063683402023922,5000
train_holdout,shufflenetv2,cifar100,forget_events,s2|s3,0.882180874614055,5000
train_holdout,shufflenetv2,cifar100,pred_depth,s2|s3,0.6635003073302597,5000
train_holdout,vgg13,cifar100,msp,s1|s2,0.32771666215968814,5000
train_holdout,vgg13,cifar100,margin,s1|s2,0.3332003276219829,5000
train_holdout,vgg13,cifar100,entropy,s1|s2,0.31254621253285075,5000
train_holdout,vgg13,cifar100,ce_loss,s1|s2,0.379482895367566,5000
train_holdout,vgg13,cifar100,el2n,s1|s2,0.6065507574460303,5000
train_holdout,vgg13,cifar100,forget_events,s1|s2,0.8889551848565905,5000
train_holdout,vgg13,cifar100,pred_depth,s1|s2,0.41595571518827934,5000
train_holdout,vgg13,cifar100,msp,s1|s3,0.4974817361172019,5000
train_holdout,vgg13,cifar100,margin,s1|s3,0.4998347789010848,5000
train_holdout,vgg13,cifar100,entropy,s1|s3,0.4948713742026089,5000
train_holdout,vgg13,cifar100,ce_loss,s1|s3,0.49748208507724273,5000
train_holdout,vgg13,cifar100,el2n,s1|s3,0.5993573506590631,5000
train_holdout,vgg13,cifar100,forget_events,s1|s3,0.9243837094417676,5000
train_holdout,vgg13,cifar100,pred_depth,s1|s3,0.757856393279555,5000
train_holdout,vgg13,cifar100,msp,s2|s3,0.3174677225915434,5000
train_holdout,vgg13,cifar100,margin,s2|s3,0.32169329696282006,5000
train_holdout,vgg13,cifar100,entropy,s2|s3,0.30494602346047844,5000
train_holdout,vgg13,cifar100,ce_loss,s2|s3,0.36762615049912706,5000
train_holdout,vgg13,cifar100,el2n,s2|s3,0.6091314147464948,5000
train_holdout,vgg13,cifar100,forget_events,s2|s3,0.8930646846628956,5000
train_holdout,vgg13,cifar100,pred_depth,s2|s3,0.4003739658928767,5000
train_holdout,vgg8,cifar100,msp,s1|s2,0.6713368526399311,5000
train_holdout,vgg8,cifar100,margin,s1|s2,0.6615972934575843,5000
train_holdout,vgg8,cifar100,entropy,s1|s2,0.6785648327591645,5000
train_holdout,vgg8,cifar100,ce_loss,s1|s2,0.6714061027718483,5000
train_holdout,vgg8,cifar100,el2n,s1|s2,0.6157881608383055,5000
train_holdout,vgg8,cifar100,forget_events,s1|s2,0.9149410460539988,5000
train_holdout,vgg8,cifar100,pred_depth,s1|s2,0.7422579365334666,5000
train_holdout,vgg8,cifar100,msp,s1|s3,0.6630552595910671,5000
train_holdout,vgg8,cifar100,margin,s1|s3,0.6526849723717681,5000
train_holdout,vgg8,cifar100,entropy,s1|s3,0.6705985731121318,5000
train_holdout,vgg8,cifar100,ce_loss,s1|s3,0.6631233276618865,5000
train_holdout,vgg8,cifar100,el2n,s1|s3,0.6132050151989176,5000
train_holdout,vgg8,cifar100,forget_events,s1|s3,0.9194252414028233,5000
train_holdout,vgg8,cifar100,pred_depth,s1|s3,0.7515096524609551,5000
train_holdout,vgg8,cifar100,msp,s2|s3,0.6575664559362768,5000
train_holdout,vgg8,cifar100,margin,s2|s3,0.6480490516187866,5000
train_holdout,vgg8,cifar100,entropy,s2|s3,0.6646848391472985,5000
train_holdout,vgg8,cifar100,ce_loss,s2|s3,0.6575485768834152,5000
train_holdout,vgg8,cifar100,el2n,s2|s3,0.619844324185773,5000
train_holdout,vgg8,cifar100,forget_events,s2|s3,0.916058214418227,5000
train_holdout,vgg8,cifar100,pred_depth,s2|s3,0.7364543390433026,5000
train_holdout,vit_small_p16,imagenet100,msp,s1|s2,0.25916353769426337,15000
train_holdout,vit_small_p16,imagenet100,margin,s1|s2,0.23700783856269655,15000
train_holdout,vit_small_p16,imagenet100,entropy,s1|s2,0.26690569942721565,15000
train_holdout,vit_small_p16,imagenet100,ce_loss,s1|s2,0.2591600704260341,15000
train_holdout,vit_small_p16,imagenet100,el2n,s1|s2,0.709918854367361,15000
train_holdout,vit_small_p16,imagenet100,forget_events,s1|s2,0.707998663472335,15000
train_holdout,vit_small_p16,imagenet100,pred_depth,s1|s2,0.7532837844779717,15000
train_holdout,vit_tiny,cifar100,msp,s1|s2,0.07079855916844388,5000
train_holdout,vit_tiny,cifar100,margin,s1|s2,0.060442944529502475,5000
train_holdout,vit_tiny,cifar100,entropy,s1|s2,0.09477187663189482,5000
train_holdout,vit_tiny,cifar100,ce_loss,s1|s2,0.06289007522970769,5000
train_holdout,vit_tiny,cifar100,el2n,s1|s2,0.6175842357250133,5000
train_holdout,vit_tiny,cifar100,forget_events,s1|s2,0.6169969460310736,5000
train_holdout,vit_tiny,cifar100,pred_depth,s1|s2,0.5655051898212178,5000
train_holdout,vit_tiny,cifar100,msp,s1|s3,0.058574673707667696,5000
train_holdout,vit_tiny,cifar100,margin,s1|s3,0.047858703376413285,5000
train_holdout,vit_tiny,cifar100,entropy,s1|s3,0.08154338378121985,5000
train_holdout,vit_tiny,cifar100,ce_loss,s1|s3,0.054320056921007824,5000
train_holdout,vit_tiny,cifar100,el2n,s1|s3,0.6196215970363474,5000
train_holdout,vit_tiny,cifar100,forget_events,s1|s3,0.6120686990707163,5000
train_holdout,vit_tiny,cifar100,pred_depth,s1|s3,0.5729497298093378,5000
train_holdout,vit_tiny,cifar100,msp,s2|s3,0.23133869851531733,5000
train_holdout,vit_tiny,cifar100,margin,s2|s3,0.2273416011709335,5000
train_holdout,vit_tiny,cifar100,entropy,s2|s3,0.2319172082624426,5000
train_holdout,vit_tiny,cifar100,ce_loss,s2|s3,0.23133869851531733,5000
train_holdout,vit_tiny,cifar100,el2n,s2|s3,0.6215262405868828,5000
train_holdout,vit_tiny,cifar100,forget_events,s2|s3,0.8195307747217146,5000
train_holdout,vit_tiny,cifar100,pred_depth,s2|s3,0.7065325244889736,5000
train_holdout,wrn_16_2,cifar100,msp,s1|s2,0.5477423353153277,5000
train_holdout,wrn_16_2,cifar100,margin,s1|s2,0.5280866486212925,5000
train_holdout,wrn_16_2,cifar100,entropy,s1|s2,0.5554685249147348,5000
train_holdout,wrn_16_2,cifar100,ce_loss,s1|s2,0.6326408018867867,5000
train_holdout,wrn_16_2,cifar100,el2n,s1|s2,0.6308841375207892,5000
train_holdout,wrn_16_2,cifar100,forget_events,s1|s2,0.8203758845319294,5000
train_holdout,wrn_16_2,cifar100,pred_depth,s1|s2,0.4164490794818775,5000
train_holdout,wrn_16_2,cifar100,msp,s1|s3,0.7553668356933716,5000
train_holdout,wrn_16_2,cifar100,margin,s1|s3,0.7465550021425592,5000
train_holdout,wrn_16_2,cifar100,entropy,s1|s3,0.7622960746084333,5000
train_holdout,wrn_16_2,cifar100,ce_loss,s1|s3,0.7590256208764428,5000
train_holdout,wrn_16_2,cifar100,el2n,s1|s3,0.623476889274039,5000
train_holdout,wrn_16_2,cifar100,forget_events,s1|s3,0.8832241303232705,5000
train_holdout,wrn_16_2,cifar100,pred_depth,s1|s3,0.6465127903200255,5000
train_holdout,wrn_16_2,cifar100,msp,s2|s3,0.5527982028460166,5000
train_holdout,wrn_16_2,cifar100,margin,s2|s3,0.5312142731183171,5000
train_holdout,wrn_16_2,cifar100,entropy,s2|s3,0.563150605830571,5000
train_holdout,wrn_16_2,cifar100,ce_loss,s2|s3,0.6389988746745842,5000
train_holdout,wrn_16_2,cifar100,el2n,s2|s3,0.6189114598741661,5000
train_holdout,wrn_16_2,cifar100,forget_events,s2|s3,0.8256717212872015,5000
train_holdout,wrn_16_2,cifar100,pred_depth,s2|s3,0.4025291401875107,5000
train_holdout,wrn_40_1,cifar100,msp,s1|s2,0.7336220822056219,5000
train_holdout,wrn_40_1,cifar100,margin,s1|s2,0.7244958346147017,5000
train_holdout,wrn_40_1,cifar100,entropy,s1|s2,0.7387011391052319,5000
train_holdout,wrn_40_1,cifar100,ce_loss,s1|s2,0.7443217683847534,5000
train_holdout,wrn_40_1,cifar100,el2n,s1|s2,0.5841158485606714,5000
train_holdout,wrn_40_1,cifar100,forget_events,s1|s2,0.8613953678047748,5000
train_holdout,wrn_40_1,cifar100,pred_depth,s1|s2,0.598903326537045,5000
train_holdout,wrn_40_1,cifar100,msp,s1|s3,0.48698518463023704,5000
train_holdout,wrn_40_1,cifar100,margin,s1|s3,0.4661542306326805,5000
train_holdout,wrn_40_1,cifar100,entropy,s1|s3,0.49739167397947914,5000
train_holdout,wrn_40_1,cifar100,ce_loss,s1|s3,0.6013234236278849,5000
train_holdout,wrn_40_1,cifar100,el2n,s1|s3,0.595913631815451,5000
train_holdout,wrn_40_1,cifar100,forget_events,s1|s3,0.7365688515120143,5000
train_holdout,wrn_40_1,cifar100,pred_depth,s1|s3,0.3854707102242437,5000
train_holdout,wrn_40_1,cifar100,msp,s2|s3,0.47409773130814903,5000
train_holdout,wrn_40_1,cifar100,margin,s2|s3,0.4495064310119109,5000
train_holdout,wrn_40_1,cifar100,entropy,s2|s3,0.48797224627831254,5000
train_holdout,wrn_40_1,cifar100,ce_loss,s2|s3,0.5916898393114541,5000
train_holdout,wrn_40_1,cifar100,el2n,s2|s3,0.5898036740543022,5000
train_holdout,wrn_40_1,cifar100,forget_events,s2|s3,0.7269383701475443,5000
train_holdout,wrn_40_1,cifar100,pred_depth,s2|s3,0.39216560964259767,5000
train_holdout,wrn_40_2,cifar100,msp,s1|s2,0.5109108928587038,5000
train_holdout,wrn_40_2,cifar100,margin,s1|s2,0.514084479886758,5000
train_holdout,wrn_40_2,cifar100,entropy,s1|s2,0.5067703015591372,5000
train_holdout,wrn_40_2,cifar100,ce_loss,s1|s2,0.5109104652746147,5000
train_holdout,wrn_40_2,cifar100,el2n,s1|s2,0.5898906655617839,5000
train_holdout,wrn_40_2,cifar100,forget_events,s1|s2,0.910471800784068,5000
train_holdout,wrn_40_2,cifar100,pred_depth,s1|s2,0.7160449981979973,5000
train_holdout,wrn_40_2,cifar100,msp,s1|s3,0.4631775622340987,5000
train_holdout,wrn_40_2,cifar100,margin,s1|s3,0.4675536588480886,5000
train_holdout,wrn_40_2,cifar100,entropy,s1|s3,0.4578950052017793,5000
train_holdout,wrn_40_2,cifar100,ce_loss,s1|s3,0.4631876593721701,5000
train_holdout,wrn_40_2,cifar100,el2n,s1|s3,0.6122183049168118,5000
train_holdout,wrn_40_2,cifar100,forget_events,s1|s3,0.9096027245107373,5000
train_holdout,wrn_40_2,cifar100,pred_depth,s1|s3,0.7119350367135693,5000
train_holdout,wrn_40_2,cifar100,msp,s2|s3,0.4616231074238237,5000
train_holdout,wrn_40_2,cifar100,margin,s2|s3,0.46683451717568514,5000
train_holdout,wrn_40_2,cifar100,entropy,s2|s3,0.4558179234865963,5000
train_holdout,wrn_40_2,cifar100,ce_loss,s2|s3,0.46163565702562237,5000
train_holdout,wrn_40_2,cifar100,el2n,s2|s3,0.602482340701132,5000
train_holdout,wrn_40_2,cifar100,forget_events,s2|s3,0.9110876145611062,5000
train_holdout,wrn_40_2,cifar100,pred_depth,s2|s3,0.7190227338948793,5000
