acc_full,acc_best_exit,frac_early_saves,arch,dataset,model_seed,score_seed,oracle_in,oracle_cross,baseline,bias_true,ceiling_honest,ceiling_optimistic
0.6271,0.6271,0.1098,convnext_femto,cifar100,s1,s2,0.7369,0.5448,0.6118,0.19210000000000005,-0.06700000000000006,0.1251
0.6271,0.6271,0.1098,convnext_femto,cifar100,s1,s3,0.7369,0.5433,0.6118,0.1936,-0.0685,0.1251
0.6238,0.6238,0.1134,convnext_femto,cifar100,s2,s1,0.7372,0.542,0.6093,0.19519999999999993,-0.06729999999999992,0.1279
0.6238,0.6238,0.1134,convnext_femto,cifar100,s2,s3,0.7372,0.5382,0.6093,0.19899999999999995,-0.07109999999999994,0.1279
0.6167,0.6167,0.1156,convnext_femto,cifar100,s3,s1,0.7323,0.5272,0.602,0.20509999999999995,-0.07479999999999998,0.13029999999999997
0.6167,0.6167,0.1156,convnext_femto,cifar100,s3,s2,0.7323,0.5282,0.602,0.20409999999999995,-0.07379999999999998,0.13029999999999997
0.5964,0.5964,0.0919,mixer_nano,cifar100,s1,s2,0.6883,0.3626,0.539,0.32570000000000005,-0.17640000000000006,0.1493
0.5964,0.5964,0.0919,mixer_nano,cifar100,s1,s3,0.6883,0.3618,0.539,0.3265,-0.17720000000000002,0.1493
0.5999,0.5999,0.1056,mixer_nano,cifar100,s2,s1,0.7055,0.5044,0.5835,0.20110000000000006,-0.07910000000000006,0.122
0.5999,0.5999,0.1056,mixer_nano,cifar100,s2,s3,0.7055,0.48,0.5835,0.22550000000000003,-0.10350000000000004,0.122
0.6062,0.6062,0.0847,mixer_nano,cifar100,s3,s1,0.6909,0.373,0.5988,0.31789999999999996,-0.2258,0.09209999999999996
0.6062,0.6062,0.0847,mixer_nano,cifar100,s3,s2,0.6909,0.3281,0.5988,0.36279999999999996,-0.2707,0.09209999999999996
0.6938,0.6938,0.0747,mobilenetv2,cifar100,s1,s2,0.7685,0.5621,0.6514,0.20639999999999992,-0.08929999999999993,0.11709999999999998
0.6938,0.6938,0.0747,mobilenetv2,cifar100,s1,s3,0.7685,0.56,0.6514,0.2084999999999999,-0.09139999999999993,0.11709999999999998
0.6921,0.6921,0.0751,mobilenetv2,cifar100,s2,s1,0.7672,0.5443,0.6472,0.2229,-0.10289999999999999,0.12
0.6921,0.6921,0.0751,mobilenetv2,cifar100,s2,s3,0.7672,0.5428,0.6472,0.22440000000000004,-0.10440000000000005,0.12
0.6997,0.6997,0.0679,mobilenetv2,cifar100,s3,s1,0.7676,0.5323,0.6516,0.23529999999999995,-0.11929999999999996,0.11599999999999999
0.6997,0.6997,0.0679,mobilenetv2,cifar100,s3,s2,0.7676,0.5314,0.6516,0.23619999999999997,-0.12019999999999997,0.11599999999999999
0.73,0.73,0.0617,resnet110,cifar100,s1,s2,0.7917,0.5505,0.6239,0.24119999999999997,-0.07340000000000002,0.16779999999999995
0.73,0.73,0.0617,resnet110,cifar100,s1,s3,0.7917,0.5885,0.6239,0.20319999999999994,-0.03539999999999999,0.16779999999999995
0.738,0.738,0.0648,resnet110,cifar100,s2,s1,0.8028,0.5407,0.6079,0.2621,-0.06720000000000004,0.19489999999999996
0.738,0.738,0.0648,resnet110,cifar100,s2,s3,0.8028,0.5748,0.6079,0.22799999999999998,-0.03310000000000002,0.19489999999999996
0.7345,0.7345,0.0679,resnet110,cifar100,s3,s1,0.8024,0.5213,0.6049,0.2811,-0.08360000000000001,0.1975
0.7345,0.7345,0.0679,resnet110,cifar100,s3,s2,0.8024,0.5166,0.6049,0.28580000000000005,-0.08830000000000005,0.1975
0.6952,0.6952,0.0686,resnet20,cifar100,s1,s2,0.7638,0.5065,0.592,0.2573000000000001,-0.08550000000000002,0.17180000000000006
0.6952,0.6952,0.0686,resnet20,cifar100,s1,s3,0.7638,0.5451,0.592,0.2187,-0.04689999999999994,0.17180000000000006
0.6958,0.6958,0.0664,resnet20,cifar100,s2,s1,0.7622,0.5545,0.6058,0.2077,-0.05130000000000001,0.15639999999999998
0.6958,0.6958,0.0664,resnet20,cifar100,s2,s3,0.7622,0.5652,0.6058,0.19699999999999995,-0.04059999999999997,0.15639999999999998
0.6954,0.6954,0.0657,resnet20,cifar100,s3,s1,0.7611,0.5418,0.59,0.21930000000000005,-0.04820000000000002,0.17110000000000003
0.6954,0.6954,0.0657,resnet20,cifar100,s3,s2,0.7611,0.5132,0.59,0.2479,-0.07679999999999998,0.17110000000000003
0.792,0.792,0.0587,resnet32x4,cifar100,s1,s2,0.8507,0.6201,0.7491,0.23060000000000003,-0.129,0.10160000000000002
0.792,0.792,0.0587,resnet32x4,cifar100,s1,s3,0.8507,0.6391,0.7491,0.2116,-0.10999999999999999,0.10160000000000002
0.7121,0.7121,0.0709,resnet32x4,cifar100,s2,s1,0.783,0.5424,0.6668,0.24060000000000004,-0.12439999999999996,0.11620000000000008
0.7121,0.7121,0.0709,resnet32x4,cifar100,s2,s3,0.783,0.5356,0.6668,0.24740000000000006,-0.13119999999999998,0.11620000000000008
0.7892,0.7892,0.0629,resnet32x4,cifar100,s3,s1,0.8521,0.6521,0.7449,0.19999999999999996,-0.0928,0.10719999999999996
0.7892,0.7892,0.0629,resnet32x4,cifar100,s3,s2,0.8521,0.625,0.7449,0.22709999999999997,-0.1199,0.10719999999999996
0.8258,0.8258,0.0457,resnet50,imagenet100,s1,s2,0.8715,0.717,0.8043,0.15450000000000008,-0.08730000000000004,0.06720000000000004
0.8196,0.8196,0.0452,resnet50,imagenet100,s2,s1,0.8648,0.6709,0.7972,0.19389999999999996,-0.12629999999999997,0.0676
0.7316,0.7316,0.069,resnet56,cifar100,s1,s2,0.8006,0.5788,0.6325,0.2218,-0.05369999999999997,0.16810000000000003
0.7316,0.7316,0.069,resnet56,cifar100,s1,s3,0.8006,0.5764,0.6325,0.22419999999999995,-0.05609999999999993,0.16810000000000003
0.7277,0.7277,0.0657,resnet56,cifar100,s2,s1,0.7934,0.5288,0.6088,0.26459999999999995,-0.07999999999999996,0.1846
0.7277,0.7277,0.0657,resnet56,cifar100,s2,s3,0.7934,0.5433,0.6088,0.2501,-0.0655,0.1846
0.7306,0.7306,0.0663,resnet56,cifar100,s3,s1,0.7969,0.5426,0.6114,0.2543000000000001,-0.06880000000000008,0.1855
0.7306,0.7306,0.0663,resnet56,cifar100,s3,s2,0.7969,0.5611,0.6114,0.2358,-0.05030000000000001,0.1855
0.7234,0.7234,0.0524,resnet8x4,cifar100,s1,s2,0.7758,0.6171,0.6884,0.15870000000000006,-0.07130000000000003,0.08740000000000003
0.7234,0.7234,0.0524,resnet8x4,cifar100,s1,s3,0.7758,0.616,0.6884,0.15980000000000005,-0.07240000000000002,0.08740000000000003
0.728,0.728,0.0481,resnet8x4,cifar100,s2,s1,0.7761,0.6114,0.6894,0.16469999999999996,-0.07799999999999996,0.0867
0.728,0.728,0.0481,resnet8x4,cifar100,s2,s3,0.7761,0.6207,0.6894,0.15539999999999998,-0.06869999999999998,0.0867
0.7227,0.7227,0.0526,resnet8x4,cifar100,s3,s1,0.7753,0.6087,0.6866,0.16659999999999997,-0.07789999999999997,0.0887
0.7227,0.7227,0.0526,resnet8x4,cifar100,s3,s2,0.7753,0.6185,0.6866,0.15679999999999994,-0.06809999999999994,0.0887
0.7148,0.7148,0.0796,shufflenetv2,cifar100,s1,s2,0.7944,0.5235,0.6991,0.27090000000000003,-0.1756000000000001,0.09529999999999994
0.7148,0.7148,0.0796,shufflenetv2,cifar100,s1,s3,0.7944,0.549,0.6991,0.24539999999999995,-0.1501,0.09529999999999994
0.7101,0.7101,0.0878,shufflenetv2,cifar100,s2,s1,0.7979,0.5216,0.6952,0.2763000000000001,-0.1736000000000001,0.10270000000000001
0.7101,0.7101,0.0878,shufflenetv2,cifar100,s2,s3,0.7979,0.5506,0.6952,0.24730000000000008,-0.14460000000000006,0.10270000000000001
0.7115,0.7115,0.0829,shufflenetv2,cifar100,s3,s1,0.7944,0.5163,0.6933,0.2781,-0.17700000000000005,0.10109999999999997
0.7115,0.7115,0.0829,shufflenetv2,cifar100,s3,s2,0.7944,0.5351,0.6933,0.2593,-0.1582,0.10109999999999997
0.7527,0.7527,0.0803,vgg13,cifar100,s1,s2,0.833,0.6231,0.7334,0.20989999999999998,-0.11030000000000006,0.09959999999999991
0.7527,0.7527,0.0803,vgg13,cifar100,s1,s3,0.833,0.6577,0.7334,0.1753,-0.0757000000000001,0.09959999999999991
0.6757,0.6757,0.0996,vgg13,cifar100,s2,s1,0.7753,0.5799,0.66,0.19540000000000002,-0.08010000000000006,0.11529999999999996
0.6757,0.6757,0.0996,vgg13,cifar100,s2,s3,0.7753,0.5812,0.66,0.19409999999999994,-0.07879999999999998,0.11529999999999996
0.758,0.758,0.0795,vgg13,cifar100,s3,s1,0.8375,0.6541,0.7397,0.1834,-0.08560000000000001,0.0978
0.758,0.758,0.0795,vgg13,cifar100,s3,s2,0.8375,0.6239,0.7397,0.2136,-0.11580000000000001,0.0978
0.7109,0.7109,0.08,vgg8,cifar100,s1,s2,0.7909,0.6146,0.6976,0.1763,-0.08299999999999996,0.09330000000000005
0.7109,0.7109,0.08,vgg8,cifar100,s1,s3,0.7909,0.6176,0.6976,0.1733,-0.07999999999999996,0.09330000000000005
0.7134,0.7134,0.0791,vgg8,cifar100,s2,s1,0.7925,0.6194,0.7007,0.17310000000000003,-0.08130000000000004,0.09179999999999999
0.7134,0.7134,0.0791,vgg8,cifar100,s2,s3,0.7925,0.6243,0.7007,0.16820000000000002,-0.07640000000000002,0.09179999999999999
0.7117,0.7117,0.0794,vgg8,cifar100,s3,s1,0.7911,0.6185,0.6985,0.17259999999999998,-0.07999999999999996,0.09260000000000002
0.7117,0.7117,0.0794,vgg8,cifar100,s3,s2,0.7911,0.6189,0.6985,0.17220000000000002,-0.0796,0.09260000000000002
0.6053,0.6054,0.1132,vit_small_p16,imagenet100,s1,s2,0.7185,0.5344,0.6062,0.18410000000000004,-0.07179999999999997,0.11230000000000007
0.6063,0.6123,0.1135,vit_small_p16,imagenet100,s2,s1,0.7198,0.5474,0.6071,0.1724,-0.059699999999999975,0.11270000000000002
0.5803,0.5815,0.1122,vit_tiny,cifar100,s1,s2,0.6925,0.453,0.58,0.2395,-0.12699999999999995,0.11250000000000004
0.5803,0.5815,0.1122,vit_tiny,cifar100,s1,s3,0.6925,0.4655,0.58,0.22699999999999998,-0.11449999999999994,0.11250000000000004
0.5895,0.5915,0.1151,vit_tiny,cifar100,s2,s1,0.7046,0.507,0.5889,0.1976,-0.08189999999999997,0.11570000000000003
0.5895,0.5915,0.1151,vit_tiny,cifar100,s2,s3,0.7046,0.5131,0.5889,0.1915,-0.07579999999999998,0.11570000000000003
0.604,0.6057,0.1133,vit_tiny,cifar100,s3,s1,0.7173,0.5176,0.6031,0.1997000000000001,-0.08550000000000002,0.11420000000000008
0.604,0.6057,0.1133,vit_tiny,cifar100,s3,s2,0.7173,0.5132,0.6031,0.20410000000000006,-0.08989999999999998,0.11420000000000008
0.7271,0.7271,0.0649,wrn_16_2,cifar100,s1,s2,0.792,0.5496,0.6075,0.24240000000000006,-0.05790000000000006,0.1845
0.7271,0.7271,0.0649,wrn_16_2,cifar100,s1,s3,0.792,0.5692,0.6075,0.2228,-0.0383,0.1845
0.664,0.664,0.0625,wrn_16_2,cifar100,s2,s1,0.7265,0.471,0.5524,0.25550000000000006,-0.08140000000000003,0.17410000000000003
0.664,0.664,0.0625,wrn_16_2,cifar100,s2,s3,0.7265,0.4761,0.5524,0.2504,-0.07629999999999998,0.17410000000000003
0.7297,0.7297,0.0662,wrn_16_2,cifar100,s3,s1,0.7959,0.5593,0.6106,0.23660000000000003,-0.05130000000000001,0.18530000000000002
0.7297,0.7297,0.0662,wrn_16_2,cifar100,s3,s2,0.7959,0.552,0.6106,0.2439,-0.058599999999999985,0.18530000000000002
0.7157,0.7157,0.0683,wrn_40_1,cifar100,s1,s2,0.784,0.5292,0.5949,0.2548,-0.06569999999999998,0.18910000000000005
0.7157,0.7157,0.0683,wrn_40_1,cifar100,s1,s3,0.784,0.4895,0.5949,0.29450000000000004,-0.1054,0.18910000000000005
0.7161,0.7161,0.0654,wrn_40_1,cifar100,s2,s1,0.7815,0.542,0.5969,0.23949999999999994,-0.05489999999999995,0.1846
0.7161,0.7161,0.0654,wrn_40_1,cifar100,s2,s3,0.7815,0.4963,0.5969,0.28519999999999995,-0.10059999999999997,0.1846
0.6321,0.6321,0.0678,wrn_40_1,cifar100,s3,s1,0.6999,0.4709,0.5298,0.22899999999999998,-0.05890000000000006,0.17009999999999992
0.6321,0.6321,0.0678,wrn_40_1,cifar100,s3,s2,0.6999,0.4693,0.5298,0.23059999999999997,-0.060500000000000054,0.17009999999999992
0.7529,0.7529,0.0639,wrn_40_2,cifar100,s1,s2,0.8168,0.6023,0.6679,0.21450000000000002,-0.0656000000000001,0.14889999999999992
0.7529,0.7529,0.0639,wrn_40_2,cifar100,s1,s3,0.8168,0.6007,0.6679,0.21609999999999996,-0.06720000000000004,0.14889999999999992
0.7652,0.7652,0.0642,wrn_40_2,cifar100,s2,s1,0.8294,0.5957,0.6722,0.23370000000000002,-0.07650000000000001,0.1572
0.7652,0.7652,0.0642,wrn_40_2,cifar100,s2,s3,0.8294,0.6054,0.6722,0.22399999999999998,-0.06679999999999997,0.1572
0.7535,0.7535,0.0671,wrn_40_2,cifar100,s3,s1,0.8206,0.5894,0.6671,0.23119999999999996,-0.07769999999999999,0.15349999999999997
0.7535,0.7535,0.0671,wrn_40_2,cifar100,s3,s2,0.8206,0.5991,0.6671,0.22150000000000003,-0.06800000000000006,0.15349999999999997
