run_id,phase,arch,dataset,method,seed,family,arm,acc_full,any_correct,excess,exit_quality,acc_first_exit,K
p1-shufflenetv2-cifar100-base-s2,p1,shufflenetv2,cifar100,base,2,mobile,frozen,0.7101,0.7979,0.0878000000000001,0.6396634276862414,0.2795,5
p1-shufflenetv2-cifar100-base-s3,p1,shufflenetv2,cifar100,base,3,mobile,frozen,0.7115,0.7944,0.08289999999999997,0.6248067463106113,0.2725,5
p1-vgg13-cifar100-base-s1,p1,vgg13,cifar100,base,1,vgg,frozen,0.7527,0.833,0.08029999999999993,0.6618506709180284,0.221,5
p1-vgg13-cifar100-base-s2,p1,vgg13,cifar100,base,2,vgg,frozen,0.6757,0.7753,0.09960000000000002,0.6888412017167382,0.2233,5
p1-vgg13-cifar100-base-s3,p1,vgg13,cifar100,base,3,vgg,frozen,0.758,0.8375,0.07950000000000002,0.6561345646437995,0.2216,5
p1-vgg8-cifar100-base-s1,p1,vgg8,cifar100,base,1,vgg,frozen,0.7109,0.7909,0.08000000000000007,0.6353565902377268,0.1921,5
p1-vgg8-cifar100-base-s2,p1,vgg8,cifar100,base,2,vgg,frozen,0.7134,0.7925,0.07909999999999995,0.6334104289318755,0.197,5
p1-vgg8-cifar100-base-s3,p1,vgg8,cifar100,base,3,vgg,frozen,0.7117,0.7911,0.07940000000000003,0.6324996487283968,0.1925,5
p1-vit_tiny-cifar100-base-s1,p1,vit_tiny,cifar100,base,1,vit,frozen,0.5803,0.6925,0.11219999999999997,0.8356453558504222,0.3057,5
p1-vit_tiny-cifar100-base-s2,p1,vit_tiny,cifar100,base,2,vit,frozen,0.5895,0.7046,0.11509999999999998,0.8588210347752332,0.3375,5
p1-wrn_16_2-cifar100-base-s1,p1,wrn_16_2,cifar100,base,1,wrn,frozen,0.7271,0.792,0.06490000000000007,0.4244601842937698,0.1541,5
p1-shufflenetv2-cifar100-base-s1,p1,shufflenetv2,cifar100,base,1,mobile,frozen,0.7148,0.7944,0.0796,0.6374160604364858,0.2797,5
p1-wrn_16_2-cifar100-base-s2,p1,wrn_16_2,cifar100,base,2,wrn,frozen,0.664,0.7265,0.0625,0.42206325301204817,0.1355,5
p1-wrn_16_2-cifar100-base-s3,p1,wrn_16_2,cifar100,base,3,wrn,frozen,0.7297,0.7959,0.06620000000000004,0.42092640811292314,0.147,5
p1-wrn_40_1-cifar100-base-s1,p1,wrn_40_1,cifar100,base,1,wrn,frozen,0.7157,0.784,0.06830000000000003,0.3853919239904988,0.1246,5
p1-wrn_40_1-cifar100-base-s2,p1,wrn_40_1,cifar100,base,2,wrn,frozen,0.7161,0.7815,0.06540000000000001,0.38891216310571153,0.1351,5
p1-wrn_40_1-cifar100-base-s3,p1,wrn_40_1,cifar100,base,3,wrn,frozen,0.6321,0.6999,0.06779999999999997,0.4141749723145072,0.1435,5
p1-wrn_40_2-cifar100-base-s1,p1,wrn_40_2,cifar100,base,1,wrn,frozen,0.7529,0.8168,0.06389999999999996,0.4416921237880196,0.1732,5
p1-wrn_40_2-cifar100-base-s2,p1,wrn_40_2,cifar100,base,2,wrn,frozen,0.7652,0.8294,0.06420000000000003,0.4353110297961318,0.1783,5
p1-wrn_40_2-cifar100-base-s3,p1,wrn_40_2,cifar100,base,3,wrn,frozen,0.7535,0.8206,0.06710000000000005,0.4406436629064367,0.1712,5
p1-vit_tiny-cifar100-base-s3,p1,vit_tiny,cifar100,base,3,vit,frozen,0.604,0.7173,0.11330000000000007,0.8469784768211921,0.337,5
p1-resnet8x4-cifar100-base-s3,p1,resnet8x4,cifar100,base,3,resnet,frozen,0.7227,0.7753,0.05259999999999998,0.5868963608689636,0.2929,3
p1-resnet8x4-cifar100-base-s1,p1,resnet8x4,cifar100,base,1,resnet,frozen,0.7234,0.7758,0.0524,0.5963505667680398,0.3,3
p1-resnet110-cifar100-base-s1,p1,resnet110,cifar100,base,1,resnet,frozen,0.73,0.7917,0.06169999999999998,0.4027739726027397,0.1108,5
p1-convnext_femto-cifar100-base-s3,p1,convnext_femto,cifar100,base,3,convnext,frozen,0.6167,0.7323,0.11559999999999993,0.6538835738608724,0.2083,5
p1-mixer_nano-cifar100-base-s1,p1,mixer_nano,cifar100,base,1,mixer,frozen,0.5964,0.6883,0.09189999999999998,0.5264084507042253,0.1911,5
p1-mixer_nano-cifar100-base-s2,p1,mixer_nano,cifar100,base,2,mixer,frozen,0.5999,0.7055,0.10560000000000003,0.6554842473745623,0.2578,5
p1-mixer_nano-cifar100-base-s3,p1,mixer_nano,cifar100,base,3,mixer,frozen,0.6062,0.6909,0.0847,0.5398795776971297,0.2098,5
p1-mobilenetv2-cifar100-base-s1,p1,mobilenetv2,cifar100,base,1,mobile,frozen,0.6938,0.7685,0.07469999999999999,0.5317814932257134,0.2135,5
p1-mobilenetv2-cifar100-base-s2,p1,mobilenetv2,cifar100,base,2,mobile,frozen,0.6921,0.7672,0.07509999999999994,0.5272359485623465,0.2145,5
p1-mobilenetv2-cifar100-base-s3,p1,mobilenetv2,cifar100,base,3,mobile,frozen,0.6997,0.7676,0.06789999999999996,0.5119694154637702,0.2,5
p1-resnet8x4-cifar100-base-s2,p1,resnet8x4,cifar100,base,2,resnet,frozen,0.728,0.7761,0.04810000000000003,0.5879807692307693,0.298,3
p1-resnet110-cifar100-base-s2,p1,resnet110,cifar100,base,2,resnet,frozen,0.738,0.8028,0.06479999999999997,0.392310298102981,0.1379,5
p1-resnet110-cifar100-base-s3,p1,resnet110,cifar100,base,3,resnet,frozen,0.7345,0.8024,0.06789999999999996,0.3710347174948945,0.091,5
p1-resnet20-cifar100-base-s1,p1,resnet20,cifar100,base,1,resnet,frozen,0.6952,0.7638,0.0686,0.4082278481012658,0.1433,5
p1-resnet20-cifar100-base-s2,p1,resnet20,cifar100,base,2,resnet,frozen,0.6958,0.7622,0.06640000000000001,0.42972118424834727,0.1478,5
p1-resnet20-cifar100-base-s3,p1,resnet20,cifar100,base,3,resnet,frozen,0.6954,0.7611,0.06569999999999998,0.40225050330744894,0.1427,5
p1-resnet32x4-cifar100-base-s1,p1,resnet32x4,cifar100,base,1,resnet,frozen,0.792,0.8507,0.058699999999999974,0.5268623737373737,0.2344,5
p1-resnet32x4-cifar100-base-s2,p1,resnet32x4,cifar100,base,2,resnet,frozen,0.7121,0.783,0.07090000000000007,0.5422342367644993,0.2292,5
p1-resnet32x4-cifar100-base-s3,p1,resnet32x4,cifar100,base,3,resnet,frozen,0.7892,0.8521,0.06289999999999996,0.5350354789660415,0.2372,5
p1-resnet56-cifar100-base-s1,p1,resnet56,cifar100,base,1,resnet,frozen,0.7316,0.8006,0.06899999999999995,0.4302556041552761,0.1307,5
p1-resnet56-cifar100-base-s2,p1,resnet56,cifar100,base,2,resnet,frozen,0.7277,0.7934,0.06569999999999998,0.4118798955613577,0.1271,5
p1-resnet56-cifar100-base-s3,p1,resnet56,cifar100,base,3,resnet,frozen,0.7306,0.7969,0.06630000000000003,0.4166096359156858,0.1442,5
p1-convnext_femto-cifar100-base-s2,p1,convnext_femto,cifar100,base,2,convnext,frozen,0.6238,0.7372,0.11339999999999995,0.6514507855081757,0.2154,5
p1-convnext_femto-cifar100-base-s1,p1,convnext_femto,cifar100,base,1,convnext,frozen,0.6271,0.7369,0.10980000000000001,0.6480226439164408,0.2098,5
p4-resnet32x4-cifar100-jointexit-s1,p4,resnet32x4,cifar100,jointexit,1,resnet,joint,0.7783,0.8638,0.08550000000000002,0.9191828343826289,0.6155,5
p4-resnet20-cifar100-jointexit-s1,p4,resnet20,cifar100,jointexit,1,resnet,joint,0.6802,0.7866,0.10639999999999994,0.7562114084092914,0.3282,5
p4-vgg8-cifar100-jointexit-s1,p4,vgg8,cifar100,jointexit,1,vgg,joint,0.7228,0.8143,0.09150000000000003,0.7526632540121749,0.2656,5
