arch,target_rho,baseline,baseline_acc,achieved_cost,oracle_cross,honest_headroom,patience_n
convnext_femto,0.4,confidence,38.74,0.3999887420718816,50.14999999999999,11.409999999999993,
convnext_femto,0.4,margin,39.51,0.3999887779154821,50.14999999999999,10.639999999999993,
convnext_femto,0.4,patience,48.03,0.5948647784986999,50.14999999999999,2.119999999999994,2.0
convnext_femto,0.5,confidence,46.35,0.4999823035892202,54.48,8.129999999999992,
convnext_femto,0.5,margin,46.72,0.4999984502199219,54.48,7.7599999999999945,
convnext_femto,0.5,patience,48.03,0.5948647784986999,54.48,6.449999999999995,2.0
convnext_femto,0.6,confidence,52.31,0.5999674552258756,54.48,2.169999999999994,
convnext_femto,0.6,margin,53.03,0.5999653295181162,54.48,1.4499999999999957,
convnext_femto,0.6,patience,48.03,0.5948647784986999,54.48,6.449999999999995,2.0
convnext_femto,0.7,confidence,57.53,0.6999868526888776,54.48,-3.0500000000000083,
convnext_femto,0.7,margin,58.18,0.6999847816577969,54.48,-3.7000000000000033,
convnext_femto,0.7,patience,48.03,0.5948647784986999,54.48,6.449999999999995,2.0
convnext_femto,0.8,confidence,61.18,0.7999875756360719,54.48,-6.700000000000006,
convnext_femto,0.8,margin,61.519999999999996,0.7999783553255084,54.48,-7.040000000000002,
convnext_femto,0.8,patience,60.209999999999994,0.872500850526111,54.48,-5.730000000000002,3.0
convnext_femto,0.9,confidence,62.55,0.8999901515151516,54.48,-8.07,
convnext_femto,0.9,margin,62.59,0.8999819670238876,54.48,-8.110000000000007,
convnext_femto,0.9,patience,60.209999999999994,0.872500850526111,54.48,-5.730000000000002,3.0
convnext_femto,0.95,confidence,62.62,0.9499895743724331,54.48,-8.140000000000002,
convnext_femto,0.95,margin,62.629999999999995,0.9499991549415566,54.48,-8.150000000000002,
convnext_femto,0.95,patience,62.39,0.9663815581638355,54.48,-7.9100000000000055,4.0
mixer_nano,0.4,confidence,28.439999999999998,0.39997623537573707,32.5,4.060000000000002,
mixer_nano,0.4,margin,29.28,0.3999264139978466,32.5,3.2200000000000006,
mixer_nano,0.4,patience,19.11,0.2526793316424674,32.5,13.390000000000002,1.0
mixer_nano,0.5,confidence,35.17,0.49999265149092026,36.26,1.0899999999999965,
mixer_nano,0.5,margin,35.809999999999995,0.49998019614644756,36.26,0.4500000000000004,
mixer_nano,0.5,patience,36.07,0.5610736607846758,36.26,0.18999999999999573,2.0
mixer_nano,0.6,confidence,41.63,0.599984156917158,36.26,-5.370000000000003,
mixer_nano,0.6,margin,42.21,0.5999966122616307,36.26,-5.949999999999999,
mixer_nano,0.6,patience,36.07,0.5610736607846758,36.26,0.18999999999999573,2.0
mixer_nano,0.7,confidence,48.17,0.6999881176878685,36.26,-11.910000000000004,
mixer_nano,0.7,margin,48.370000000000005,0.6999632069989233,36.26,-12.110000000000005,
mixer_nano,0.7,patience,36.07,0.5610736607846758,36.26,0.18999999999999573,2.0
mixer_nano,0.8,confidence,53.89000000000001,0.7999547124251613,36.26,-17.630000000000006,
mixer_nano,0.8,margin,54.17999999999999,0.7999671677696338,36.26,-17.919999999999998,
mixer_nano,0.8,patience,57.010000000000005,0.90227536726778,36.26,-20.750000000000007,3.0
mixer_nano,0.9,confidence,58.17,0.8999960392292895,36.26,-21.91,
mixer_nano,0.9,margin,58.199999999999996,0.8999960392292895,36.26,-21.939999999999998,
mixer_nano,0.9,patience,57.010000000000005,0.90227536726778,36.26,-20.750000000000007,3.0
mixer_nano,0.95,confidence,59.25,0.9499917919424085,36.26,-22.990000000000006,
mixer_nano,0.95,margin,59.35,0.9499793365979358,36.26,-23.090000000000003,
mixer_nano,0.95,patience,58.42,0.9549116530090956,36.26,-22.160000000000007,4.0
mobilenetv2,0.4,confidence,36.7,0.3999988924988666,43.96,7.26,
mobilenetv2,0.4,margin,38.12,0.3999893577016518,43.96,5.840000000000001,
mobilenetv2,0.4,patience,46.29,0.5423759861729457,43.96,-2.3299999999999987,2.0
mobilenetv2,0.5,confidence,45.09,0.4999613199925604,56.21000000000001,11.120000000000003,
mobilenetv2,0.5,margin,46.32,0.4999761470236089,56.21000000000001,9.890000000000004,
mobilenetv2,0.5,patience,46.29,0.5423759861729457,56.21000000000001,9.920000000000007,2.0
mobilenetv2,0.6,confidence,52.470000000000006,0.5999988715752032,56.21000000000001,3.739999999999999,
mobilenetv2,0.6,margin,53.769999999999996,0.5999507577562857,56.21000000000001,2.440000000000009,
mobilenetv2,0.6,patience,46.29,0.5423759861729457,56.21000000000001,9.920000000000007,2.0
mobilenetv2,0.7,confidence,59.660000000000004,0.6999711084891953,56.21000000000001,-3.4499999999999975,
mobilenetv2,0.7,margin,59.96,0.6999841872319156,56.21000000000001,-3.749999999999998,
mobilenetv2,0.7,patience,62.19,0.8157577940646542,56.21000000000001,-5.979999999999997,3.0
mobilenetv2,0.8,confidence,65.14,0.7999776453904007,56.21000000000001,-8.929999999999993,
mobilenetv2,0.8,margin,65.36999999999999,0.799996126216188,56.21000000000001,-9.15999999999999,
mobilenetv2,0.8,patience,62.19,0.8157577940646542,56.21000000000001,-5.979999999999997,3.0
mobilenetv2,0.9,confidence,68.61,0.899974257500552,56.21000000000001,-12.4,
mobilenetv2,0.9,margin,68.58999999999999,0.8999930162913968,56.21000000000001,-12.379999999999992,
mobilenetv2,0.9,patience,67.78,0.9428277008962301,56.21000000000001,-11.569999999999991,4.0
mobilenetv2,0.95,confidence,69.23,0.9499759919850745,56.21000000000001,-13.019999999999998,
mobilenetv2,0.95,margin,69.25,0.9499792473583875,56.21000000000001,-13.039999999999996,
mobilenetv2,0.95,patience,67.78,0.9428277008962301,56.21000000000001,-11.569999999999991,4.0
resnet110,0.4,confidence,22.82,0.3999924694025316,21.13,-1.69,
resnet110,0.4,margin,23.919999999999998,0.3999882629142402,21.13,-2.790000000000001,
resnet110,0.4,patience,11.08,0.20678382508046902,21.13,10.049999999999999,1.0
resnet110,0.5,confidence,31.6,0.49999261618341395,38.89,7.290000000000002,
resnet110,0.5,margin,32.41,0.49999598584876576,38.89,6.480000000000002,
resnet110,0.5,patience,45.910000000000004,0.6899469033936063,38.89,-7.019999999999999,2.0
resnet110,0.6,confidence,41.69,0.5999957864583386,55.05,13.36,
resnet110,0.6,margin,42.9,0.5999935231102783,55.05,12.15,
resnet110,0.6,patience,45.910000000000004,0.6899469033936063,55.05,9.139999999999999,2.0
resnet110,0.7,confidence,51.839999999999996,0.6999918999250675,55.05,3.2100000000000017,
resnet110,0.7,margin,53.22,0.6999994630337683,55.05,1.8299999999999983,
resnet110,0.7,patience,45.910000000000004,0.6899469033936063,55.05,9.139999999999999,2.0
resnet110,0.8,confidence,62.39,0.7999873120491786,55.05,-7.340000000000002,
resnet110,0.8,margin,63.13999999999999,0.79995771261992,55.05,-8.089999999999996,
resnet110,0.8,patience,66.28,0.9072182910316527,55.05,-11.229999999999995,3.0
resnet110,0.9,confidence,71.08,0.8999821526227919,55.05,-16.03,
resnet110,0.9,margin,71.15,0.8999841155579646,55.05,-16.1,
resnet110,0.9,patience,66.28,0.9072182910316527,55.05,-11.229999999999995,3.0
resnet110,0.95,confidence,72.78,0.9499911386667259,55.05,-17.73,
resnet110,0.95,margin,72.83,0.9499921539475108,55.05,-17.779999999999994,
resnet110,0.95,patience,72.14,0.9825109333807939,55.05,-17.090000000000003,4.0
resnet20,0.4,confidence,22.720000000000002,0.3999999586074544,22.33,-0.39000000000000146,
resnet20,0.4,margin,23.189999999999998,0.39999035224429125,22.33,-0.8599999999999997,
resnet20,0.4,patience,14.330000000000002,0.2420727003618711,22.33,7.999999999999999,1.0
resnet20,0.5,confidence,31.119999999999997,0.4999887170819509,36.64,5.520000000000003,
resnet20,0.5,margin,31.81,0.4999905751995936,36.64,4.830000000000001,
resnet20,0.5,patience,39.33,0.6374145519884101,36.64,-2.6899999999999977,2.0
resnet20,0.6,confidence,39.98,0.5999929631104617,50.64999999999999,10.669999999999996,
resnet20,0.6,margin,40.97,0.5999842623660231,50.64999999999999,9.679999999999994,
resnet20,0.6,patience,39.33,0.6374145519884101,50.64999999999999,11.319999999999997,2.0
resnet20,0.7,confidence,49.62,0.699969951520549,50.64999999999999,1.0299999999999976,
resnet20,0.7,margin,50.839999999999996,0.6999816682763769,50.64999999999999,-0.19000000000000128,
resnet20,0.7,patience,39.33,0.6374145519884101,50.64999999999999,11.319999999999997,2.0
resnet20,0.8,confidence,59.199999999999996,0.7999941580066354,50.64999999999999,-8.550000000000002,
resnet20,0.8,margin,59.96,0.7999944181211548,50.64999999999999,-9.310000000000008,
resnet20,0.8,patience,59.07,0.8605718605949237,50.64999999999999,-8.420000000000005,3.0
resnet20,0.9,confidence,66.72,0.899985040200942,50.64999999999999,-16.070000000000007,
resnet20,0.9,margin,66.75999999999999,0.8999778968510307,50.64999999999999,-16.110000000000003,
resnet20,0.9,patience,59.07,0.8605718605949237,50.64999999999999,-8.420000000000005,3.0
resnet20,0.95,confidence,68.81,0.9499996693300055,50.64999999999999,-18.16000000000001,
resnet20,0.95,margin,68.89,0.9499944062051189,50.64999999999999,-18.240000000000002,
resnet20,0.95,patience,67.89,0.9677250130135655,50.64999999999999,-17.24,4.0
resnet32x4,0.4,confidence,39.6,0.3999934314722751,52.17,12.570000000000004,
resnet32x4,0.4,margin,40.75,0.39999655286369906,52.17,11.420000000000009,
resnet32x4,0.4,patience,50.06,0.5831383970161942,52.17,2.1100000000000008,2.0
resnet32x4,0.5,confidence,48.88,0.49999391748687894,62.01,13.129999999999997,
resnet32x4,0.5,margin,50.51,0.49999462590199484,62.01,11.5,
resnet32x4,0.5,patience,50.06,0.5831383970161942,62.01,11.949999999999994,2.0
resnet32x4,0.6,confidence,58.809999999999995,0.5999764820651683,62.01,3.200000000000003,
resnet32x4,0.6,margin,59.75,0.5999958143621924,62.01,2.2599999999999953,
resnet32x4,0.6,patience,50.06,0.5831383970161942,62.01,11.949999999999994,2.0
resnet32x4,0.7,confidence,67.72,0.699962813770016,62.01,-5.710000000000004,
resnet32x4,0.7,margin,68.66,0.6999954212333512,62.01,-6.65,
resnet32x4,0.7,patience,50.06,0.5831383970161942,62.01,11.949999999999994,2.0
resnet32x4,0.8,confidence,74.91,0.799998933723979,62.01,-12.9,
resnet32x4,0.8,margin,75.3,0.7999408465259771,62.01,-13.290000000000003,
resnet32x4,0.8,patience,68.84,0.8360699753100571,62.01,-6.830000000000003,3.0
resnet32x4,0.9,confidence,78.66,0.8999851554224751,62.01,-16.65,
resnet32x4,0.9,margin,78.84,0.8999991986991217,62.01,-16.830000000000002,
resnet32x4,0.9,patience,77.89,0.9553189243398903,62.01,-15.880000000000006,4.0
resnet32x4,0.95,confidence,79.17999999999999,0.9499802551134926,62.01,-17.169999999999995,
resnet32x4,0.95,margin,79.17999999999999,0.9499943282377495,62.01,-17.169999999999995,
resnet32x4,0.95,patience,77.89,0.9553189243398903,62.01,-15.880000000000006,4.0
resnet56,0.4,confidence,24.69,0.3999846823248003,24.32,-0.3700000000000009,
resnet56,0.4,margin,26.810000000000002,0.3999672443381343,24.32,-2.4900000000000007,
resnet56,0.4,patience,13.07,0.19114306071555806,24.32,11.249999999999998,1.0
resnet56,0.5,confidence,33.28,0.4999990003053591,44.13,10.850000000000005,
resnet56,0.5,margin,34.74,0.49998800524199705,44.13,9.390000000000004,
resnet56,0.5,patience,46.7,0.6806839553157921,44.13,-2.5700000000000003,2.0
resnet56,0.6,confidence,42.77,0.5999909006056288,57.879999999999995,15.109999999999996,
resnet56,0.6,margin,44.17,0.5999953577790217,57.879999999999995,13.71,
resnet56,0.6,patience,46.7,0.6806839553157921,57.879999999999995,11.179999999999996,2.0
resnet56,0.7,confidence,53.59,0.6999860904371725,57.879999999999995,4.289999999999994,
resnet56,0.7,margin,54.290000000000006,0.6999969078324597,57.879999999999995,3.589999999999993,
resnet56,0.7,patience,46.7,0.6806839553157921,57.879999999999995,11.179999999999996,2.0
resnet56,0.8,confidence,63.24999999999999,0.7999883072420989,57.879999999999995,-5.369999999999997,
resnet56,0.8,margin,64.11,0.7999955072522776,57.879999999999995,-6.230000000000002,
resnet56,0.8,patience,66.36,0.9013291671840807,57.879999999999995,-8.479999999999999,3.0
resnet56,0.9,confidence,71.00999999999999,0.8999890303323326,57.879999999999995,-13.129999999999997,
resnet56,0.9,margin,71.1,0.8999879102244389,57.879999999999995,-13.219999999999999,
resnet56,0.9,patience,66.36,0.9013291671840807,57.879999999999995,-8.479999999999999,3.0
resnet56,0.95,confidence,72.86,0.9499909100717594,57.879999999999995,-14.980000000000004,
resnet56,0.95,margin,72.91,0.9499963032724313,57.879999999999995,-15.03,
resnet56,0.95,patience,72.46000000000001,0.9806946633416459,57.879999999999995,-14.580000000000004,4.0
resnet8x4,0.4,confidence,39.53,0.3999808744583941,48.35,8.82,
resnet8x4,0.4,margin,40.089999999999996,0.3999816371749594,48.35,8.260000000000002,
resnet8x4,0.4,patience,30.0,0.2930202959648441,48.35,18.35,1.0
resnet8x4,0.5,confidence,48.28,0.4999800507245036,48.35,0.06999999999999784,
resnet8x4,0.5,margin,48.84,0.49998128724984425,48.35,-0.49000000000000155,
resnet8x4,0.5,patience,30.0,0.2930202959648441,48.35,18.35,1.0
resnet8x4,0.6,confidence,56.3,0.5999810798525722,61.71,5.410000000000004,
resnet8x4,0.6,margin,56.81,0.5999824203847173,61.71,4.899999999999993,
resnet8x4,0.6,patience,67.77,0.859232671387805,61.71,-6.059999999999999,2.0
resnet8x4,0.7,confidence,63.29,0.6999838270189647,61.71,-1.5800000000000036,
resnet8x4,0.7,margin,63.56,0.6999847322633729,61.71,-1.8500000000000072,
resnet8x4,0.7,patience,67.77,0.859232671387805,61.71,-6.059999999999999,2.0
resnet8x4,0.8,confidence,68.84,0.7999878916048789,61.71,-7.130000000000003,
resnet8x4,0.8,margin,69.0,0.7999882922236808,61.71,-7.2899999999999965,
resnet8x4,0.8,patience,67.77,0.859232671387805,61.71,-6.059999999999999,2.0
resnet8x4,0.9,confidence,71.81,0.8999931503429912,61.71,-10.099999999999998,
resnet8x4,0.9,margin,71.8,0.8999932582018996,61.71,-10.09,
resnet8x4,0.9,patience,67.77,0.859232671387805,61.71,-6.059999999999999,2.0
resnet8x4,0.95,confidence,72.16,0.9499786300685983,61.71,-10.450000000000003,
resnet8x4,0.95,margin,72.18,0.9499786531812213,61.71,-10.470000000000002,
resnet8x4,0.95,patience,72.34,1.0,61.71,-10.630000000000006,3.0
shufflenetv2,0.4,confidence,46.37,0.39998604587296593,46.43,0.05999999999999894,
shufflenetv2,0.4,margin,47.25,0.39999662899979854,46.43,-0.8199999999999985,
shufflenetv2,0.4,patience,56.57,0.5947053704381791,46.43,-10.139999999999999,2.0
shufflenetv2,0.5,confidence,54.230000000000004,0.49997939456257334,52.349999999999994,-1.880000000000004,
shufflenetv2,0.5,margin,55.010000000000005,0.49996923057544873,52.349999999999994,-2.660000000000007,
shufflenetv2,0.5,patience,56.57,0.5947053704381791,52.349999999999994,-4.2200000000000015,2.0
shufflenetv2,0.6,confidence,61.09,0.5999763053897401,52.349999999999994,-8.740000000000004,
shufflenetv2,0.6,margin,61.660000000000004,0.5999777855954744,52.349999999999994,-9.310000000000008,
shufflenetv2,0.6,patience,56.57,0.5947053704381791,52.349999999999994,-4.2200000000000015,2.0
shufflenetv2,0.7,confidence,66.36,0.6999810463200293,52.349999999999994,-14.01,
shufflenetv2,0.7,margin,66.83,0.6999716528431816,52.349999999999994,-14.480000000000004,
shufflenetv2,0.7,patience,56.57,0.5947053704381791,52.349999999999994,-4.2200000000000015,2.0
shufflenetv2,0.8,confidence,69.91000000000001,0.7999821104729222,52.349999999999994,-17.56000000000001,
shufflenetv2,0.8,margin,70.04,0.7999683248107432,52.349999999999994,-17.690000000000005,
shufflenetv2,0.8,patience,66.97,0.8076660841359188,52.349999999999994,-14.62,3.0
shufflenetv2,0.9,confidence,71.44,0.8999665464562772,52.349999999999994,-19.090000000000007,
shufflenetv2,0.9,margin,71.43,0.8999549928115038,52.349999999999994,-19.08000000000001,
shufflenetv2,0.9,patience,71.07,0.9381252223253544,52.349999999999994,-18.720000000000002,4.0
shufflenetv2,0.95,confidence,71.49,0.9499946707200417,52.349999999999994,-19.14,
shufflenetv2,0.95,margin,71.49,0.9499791743660924,52.349999999999994,-19.14,
shufflenetv2,0.95,patience,71.07,0.9381252223253544,52.349999999999994,-18.720000000000002,4.0
vgg13,0.4,confidence,43.66,0.3999674059929494,51.4,7.740000000000002,
vgg13,0.4,margin,44.39,0.3999947434988921,51.4,7.01,
vgg13,0.4,patience,22.1,0.17311582242714,51.4,29.300000000000004,1.0
vgg13,0.5,confidence,53.7,0.4999938584826112,62.31,8.609999999999996,
vgg13,0.5,margin,54.26,0.499979626124631,62.31,8.05,
vgg13,0.5,patience,61.77,0.6723960836375705,62.31,0.539999999999996,2.0
vgg13,0.6,confidence,62.050000000000004,0.5999825674330156,62.31,0.25999999999999357,
vgg13,0.6,margin,62.480000000000004,0.5999843053973322,62.31,-0.17000000000000348,
vgg13,0.6,patience,61.77,0.6723960836375705,62.31,0.539999999999996,2.0
vgg13,0.7,confidence,68.65,0.6999991689166766,62.31,-6.340000000000002,
vgg13,0.7,margin,69.21000000000001,0.6999918439016514,62.31,-6.900000000000006,
vgg13,0.7,patience,61.77,0.6723960836375705,62.31,0.539999999999996,2.0
vgg13,0.8,confidence,73.34,0.7999760870686485,62.31,-11.030000000000006,
vgg13,0.8,margin,73.59,0.7999928030337009,62.31,-11.280000000000001,
vgg13,0.8,patience,73.3,0.903068828320521,62.31,-10.99,3.0
vgg13,0.9,confidence,75.18,0.8999789775836241,62.31,-12.870000000000005,
vgg13,0.9,margin,75.25,0.8999953852001686,62.31,-12.939999999999996,
vgg13,0.9,patience,73.3,0.903068828320521,62.31,-10.99,3.0
vgg13,0.95,confidence,75.27000000000001,0.9499765122532091,62.31,-12.960000000000004,
vgg13,0.95,margin,75.27000000000001,0.9499929310824268,62.31,-12.960000000000004,
vgg13,0.95,patience,75.28,0.9837059803912777,62.31,-12.970000000000004,4.0
vgg8,0.4,confidence,46.96,0.3999711630713532,61.46,14.500000000000002,
vgg8,0.4,margin,48.02,0.3999491375018857,61.46,13.440000000000001,
vgg8,0.4,patience,56.31,0.6027425788203349,61.46,5.149999999999999,2.0
vgg8,0.5,confidence,54.75,0.49999488308945556,61.46,6.710000000000004,
vgg8,0.5,margin,55.910000000000004,0.4999429687735708,61.46,5.549999999999999,
vgg8,0.5,patience,56.31,0.6027425788203349,61.46,5.149999999999999,2.0
vgg8,0.6,confidence,61.63999999999999,0.599996690677327,61.46,-0.17999999999999128,
vgg8,0.6,margin,62.4,0.5999837592397045,61.46,-0.9399999999999964,
vgg8,0.6,patience,56.31,0.6027425788203349,61.46,5.149999999999999,2.0
vgg8,0.7,confidence,66.61,0.6999999407904661,61.46,-5.149999999999999,
vgg8,0.7,margin,67.11,0.6999857176798914,61.46,-5.6499999999999995,
vgg8,0.7,patience,56.31,0.6027425788203349,61.46,5.149999999999999,2.0
vgg8,0.8,confidence,69.76,0.7999890809322673,61.46,-8.299999999999997,
vgg8,0.8,margin,69.87,0.7999872707044802,61.46,-8.409999999999995,
vgg8,0.8,patience,68.89999999999999,0.880466553024589,61.46,-7.439999999999991,3.0
vgg8,0.9,confidence,70.99,0.8999884560265499,61.46,-9.529999999999994,
vgg8,0.9,margin,71.02000000000001,0.8999732806607331,61.46,-9.560000000000002,
vgg8,0.9,patience,68.89999999999999,0.880466553024589,61.46,-7.439999999999991,3.0
vgg8,0.95,confidence,71.07,0.9499903194297782,61.46,-9.609999999999996,
vgg8,0.95,margin,71.08,0.94997553062302,61.46,-9.619999999999996,
vgg8,0.95,patience,71.05,0.9760041997284657,61.46,-9.589999999999998,4.0
vit_tiny,0.4,confidence,48.51,0.3999590999682273,45.300000000000004,-3.2099999999999964,
vit_tiny,0.4,margin,49.1,0.3999590999682273,45.300000000000004,-3.799999999999998,
vit_tiny,0.4,patience,54.93,0.5752829785390371,45.300000000000004,-9.629999999999999,2.0
vit_tiny,0.5,confidence,52.400000000000006,0.49998255394124946,45.300000000000004,-7.1000000000000005,
vit_tiny,0.5,margin,53.15,0.49998255394124946,45.300000000000004,-7.849999999999996,
vit_tiny,0.5,patience,54.93,0.5752829785390371,45.300000000000004,-9.629999999999999,2.0
vit_tiny,0.6,confidence,55.67999999999999,0.5999976892637416,45.300000000000004,-10.379999999999995,
vit_tiny,0.6,margin,55.92,0.5999228214089715,45.300000000000004,-10.620000000000001,
vit_tiny,0.6,patience,54.93,0.5752829785390371,45.300000000000004,-9.629999999999999,2.0
vit_tiny,0.7,confidence,57.29,0.6999878686346437,45.300000000000004,-11.989999999999995,
vit_tiny,0.7,margin,57.38999999999999,0.6999712313335837,45.300000000000004,-12.089999999999995,
vit_tiny,0.7,patience,57.940000000000005,0.8035550677334566,45.300000000000004,-12.64,3.0
vit_tiny,0.8,confidence,57.99999999999999,0.7999863666560758,45.300000000000004,-12.699999999999994,
vit_tiny,0.8,margin,58.03,0.7999697293550158,45.300000000000004,-12.730000000000002,
vit_tiny,0.8,patience,57.940000000000005,0.8035550677334566,45.300000000000004,-12.64,3.0
vit_tiny,0.9,confidence,58.050000000000004,0.8999931833280379,45.300000000000004,-12.75,
vit_tiny,0.9,margin,58.040000000000006,0.8999931833280379,45.300000000000004,-12.740000000000002,
vit_tiny,0.9,patience,58.160000000000004,0.9479252476820428,45.300000000000004,-12.86,4.0
vit_tiny,0.95,confidence,58.03,0.949979954362959,45.300000000000004,-12.730000000000002,
vit_tiny,0.95,margin,58.03,0.9499965916640188,45.300000000000004,-12.730000000000002,
vit_tiny,0.95,patience,58.160000000000004,0.9479252476820428,45.300000000000004,-12.86,4.0
wrn_16_2,0.4,confidence,26.119999999999997,0.3999373053767905,40.69,14.57,
wrn_16_2,0.4,margin,28.15,0.3999766271133232,40.69,12.540000000000001,
wrn_16_2,0.4,patience,44.769999999999996,0.636217828118908,40.69,-4.08,2.0
wrn_16_2,0.5,confidence,32.76,0.49999149708603163,40.69,7.929999999999998,
wrn_16_2,0.5,margin,35.18,0.49998894097125524,40.69,5.509999999999998,
wrn_16_2,0.5,patience,44.769999999999996,0.636217828118908,40.69,-4.08,2.0
wrn_16_2,0.6,confidence,40.92,0.5999922774776326,54.96,14.039999999999997,
wrn_16_2,0.6,margin,43.309999999999995,0.5999754738046653,54.96,11.649999999999999,
wrn_16_2,0.6,patience,44.769999999999996,0.636217828118908,54.96,10.19,2.0
wrn_16_2,0.7,confidence,50.55,0.6999451511921699,54.96,4.410000000000003,
wrn_16_2,0.7,margin,52.290000000000006,0.6999671165891127,54.96,2.6699999999999946,
wrn_16_2,0.7,patience,44.769999999999996,0.636217828118908,54.96,10.19,2.0
wrn_16_2,0.8,confidence,60.75000000000001,0.799959452422062,54.96,-5.790000000000006,
wrn_16_2,0.8,margin,62.06,0.7999417088614004,54.96,-7.100000000000007,
wrn_16_2,0.8,patience,66.59,0.9247929034365079,54.96,-11.630000000000006,3.0
wrn_16_2,0.9,confidence,69.84,0.8999949595436892,54.96,-14.880000000000004,
wrn_16_2,0.9,margin,70.05,0.8999941810508514,54.96,-15.090000000000003,
wrn_16_2,0.9,patience,66.59,0.9247929034365079,54.96,-11.630000000000006,3.0
wrn_16_2,0.95,confidence,72.11999999999999,0.9499884058998365,54.96,-17.159999999999997,
wrn_16_2,0.95,margin,72.24000000000001,0.949981968840033,54.96,-17.28000000000001,
wrn_16_2,0.95,patience,66.59,0.9247929034365079,54.96,-11.630000000000006,3.0
wrn_40_1,0.4,confidence,21.72,0.39999476950054874,35.28,13.56,
wrn_40_1,0.4,margin,22.91,0.3999980764561055,35.28,12.370000000000001,
wrn_40_1,0.4,patience,12.46,0.23195102309297735,35.28,22.82,1.0
wrn_40_1,0.5,confidence,29.049999999999997,0.4999830348223534,35.28,6.230000000000002,
wrn_40_1,0.5,margin,31.180000000000003,0.4999997700845584,35.28,4.099999999999998,
wrn_40_1,0.5,patience,43.02,0.6741302915131079,35.28,-7.740000000000002,2.0
wrn_40_1,0.6,confidence,38.25,0.599962854055948,52.92,14.67,
wrn_40_1,0.6,margin,40.61,0.5999894974288199,52.92,12.309999999999999,
wrn_40_1,0.6,patience,43.02,0.6741302915131079,52.92,9.899999999999999,2.0
wrn_40_1,0.7,confidence,48.92,0.6999648313902199,52.92,3.9999999999999982,
wrn_40_1,0.7,margin,50.27,0.6999896381290784,52.92,2.649999999999997,
wrn_40_1,0.7,patience,43.02,0.6741302915131079,52.92,9.899999999999999,2.0
wrn_40_1,0.8,confidence,59.489999999999995,0.7999890014046971,52.92,-6.5699999999999985,
wrn_40_1,0.8,margin,60.27,0.7999655670888954,52.92,-7.350000000000001,
wrn_40_1,0.8,patience,63.22,0.8991072452564571,52.92,-10.299999999999997,3.0
wrn_40_1,0.9,confidence,68.28,0.8999954135250525,52.92,-15.359999999999996,
wrn_40_1,0.9,margin,68.60000000000001,0.8999984111859394,52.92,-15.680000000000005,
wrn_40_1,0.9,patience,63.22,0.8991072452564571,52.92,-10.299999999999997,3.0
wrn_40_1,0.95,confidence,70.88,0.9499919285233466,52.92,-17.959999999999997,
wrn_40_1,0.95,margin,70.89,0.9499936921561335,52.92,-17.97,
wrn_40_1,0.95,patience,70.06,0.9739613164195896,52.92,-17.14,4.0
wrn_40_2,0.4,confidence,28.07,0.39998962124823195,44.37,16.299999999999997,
wrn_40_2,0.4,margin,29.98,0.3999953814867197,44.37,14.389999999999997,
wrn_40_2,0.4,patience,17.32,0.21900596219515045,44.37,27.049999999999997,1.0
wrn_40_2,0.5,confidence,36.86,0.49998380005938753,44.37,7.51,
wrn_40_2,0.5,margin,38.87,0.4999727810163081,44.37,5.499999999999999,
wrn_40_2,0.5,patience,46.78,0.6357621924937291,44.37,-2.410000000000001,2.0
wrn_40_2,0.6,confidence,46.75,0.5999851864065076,60.23,13.479999999999992,
wrn_40_2,0.6,margin,48.49,0.5999905217506817,60.23,11.739999999999995,
wrn_40_2,0.6,patience,46.78,0.6357621924937291,60.23,13.449999999999996,2.0
wrn_40_2,0.7,confidence,57.120000000000005,0.6999856083314447,60.23,3.1099999999999905,
wrn_40_2,0.7,margin,58.550000000000004,0.6999793147773358,60.23,1.6799999999999926,
wrn_40_2,0.7,patience,46.78,0.6357621924937291,60.23,13.449999999999996,2.0
wrn_40_2,0.8,confidence,66.79,0.7999892283528556,60.23,-6.56000000000001,
wrn_40_2,0.8,margin,67.43,0.7999792922725887,60.23,-7.200000000000006,
wrn_40_2,0.8,patience,66.7,0.8770503592945386,60.23,-6.4700000000000095,3.0
wrn_40_2,0.9,confidence,73.33,0.8999928311440694,60.23,-13.100000000000001,
wrn_40_2,0.9,margin,73.52,0.8999850049619841,60.23,-13.290000000000003,
wrn_40_2,0.9,patience,66.7,0.8770503592945386,60.23,-6.4700000000000095,3.0
wrn_40_2,0.95,confidence,75.05,0.9499858565869361,60.23,-14.82,
wrn_40_2,0.95,margin,75.08,0.9499813404780696,60.23,-14.850000000000009,
wrn_40_2,0.95,patience,73.92,0.96444177943785,60.23,-13.690000000000001,4.0
