arch,acc_mean,acc_std,n_seeds,params_M,GFLOPs
convnext_femto,62.37,0.46,3,4.87,0.126
mixer_nano,60.423,0.261,3,2.5,0.343
mobilenetv2,70.1,0.21,3,2.35,0.183
resnet110,74.38,0.166,3,1.74,0.511
resnet20,70.13,0.308,3,0.28,0.082
resnet32x4,79.65,0.222,5,7.42,2.149
resnet56,73.693,0.298,3,0.86,0.254
resnet8x4,73.26,0.192,3,1.22,0.334
shufflenetv2,71.76,0.2,3,1.36,0.092
vgg13,75.7,0.05,3,9.46,0.458
vgg8,71.633,0.087,3,3.96,0.136
vit_tiny,59.673,0.774,3,5.38,0.694
wrn_16_2,73.9,0.329,3,0.7,0.203
wrn_40_1,72.41,0.13,3,0.57,0.168
wrn_40_2,76.49,0.362,5,2.26,0.658
