arch,seed,final,any,save,n_exits
convnext_femto,1,0.6271,0.7369,0.1098,5
convnext_femto,2,0.6238,0.7372,0.1134,5
convnext_femto,3,0.6167,0.7323,0.1156,5
mixer_nano,1,0.5964,0.6883,0.0919,5
mixer_nano,2,0.5999,0.7055,0.1056,5
mixer_nano,3,0.6062,0.6909,0.0847,5
mobilenetv2,1,0.6938,0.7685,0.0747,5
mobilenetv2,2,0.6921,0.7672,0.0751,5
mobilenetv2,3,0.6997,0.7676,0.0679,5
resnet110,1,0.73,0.7917,0.0617,5
resnet110,2,0.738,0.8028,0.0648,5
resnet110,3,0.7345,0.8024,0.0679,5
resnet20,1,0.6952,0.7638,0.0686,5
resnet20,2,0.6958,0.7622,0.0664,5
resnet20,3,0.6954,0.7611,0.0657,5
resnet32x4,1,0.792,0.8507,0.0587,5
resnet32x4,2,0.7121,0.783,0.0709,5
resnet32x4,3,0.7892,0.8521,0.0629,5
resnet56,1,0.7316,0.8006,0.069,5
resnet56,2,0.7277,0.7934,0.0657,5
resnet56,3,0.7306,0.7969,0.0663,5
resnet8x4,1,0.7234,0.7758,0.0524,3
resnet8x4,2,0.728,0.7761,0.0481,3
resnet8x4,3,0.7227,0.7753,0.0526,3
shufflenetv2,1,0.7148,0.7944,0.0796,5
shufflenetv2,2,0.7101,0.7979,0.0878,5
shufflenetv2,3,0.7115,0.7944,0.0829,5
vgg13,1,0.7527,0.833,0.0803,5
vgg13,2,0.6757,0.7753,0.0996,5
vgg13,3,0.758,0.8375,0.0795,5
vgg8,1,0.7109,0.7909,0.08,5
vgg8,2,0.7134,0.7925,0.0791,5
vgg8,3,0.7117,0.7911,0.0794,5
vit_tiny,1,0.5803,0.6925,0.1122,5
vit_tiny,2,0.5895,0.7046,0.1151,5
vit_tiny,3,0.604,0.7173,0.1133,5
wrn_16_2,1,0.7271,0.792,0.0649,5
wrn_16_2,2,0.664,0.7265,0.0625,5
wrn_16_2,3,0.7297,0.7959,0.0662,5
wrn_40_1,1,0.7157,0.784,0.0683,5
wrn_40_1,2,0.7161,0.7815,0.0654,5
wrn_40_1,3,0.6321,0.6999,0.0678,5
wrn_40_2,1,0.7529,0.8168,0.0639,5
wrn_40_2,2,0.7652,0.8294,0.0642,5
wrn_40_2,3,0.7535,0.8206,0.0671,5
