budget,rule,kind,source,target,gain,cost_difference,accuracy,cost,overspend,headroom
0.4,confidence,same,2.0,2.0,0.0,0.0,0.3635,0.402838224020984,0.0028382240209839926,32.23199267676579
0.4,logistic,same,2.0,2.0,0.2083333333333335,-0.00011172107995318277,0.36883333333333335,0.4027486207792957,0.0027486207792957,32.18787194129057
0.4,logistic,transfer,2.0,2.0,0.29583333333333406,-0.0006695196953669658,0.36720833333333336,0.4019358762394302,0.001935876239430201,32.27734336270001
0.4,margin,same,2.0,2.0,0.9666666666666656,-1.675183536992142e-05,0.37074999999999997,0.403716725912024,0.003716725912023988,31.860609632389142
0.5,confidence,same,2.0,2.0,0.0,0.0,0.44925,0.5038048353753961,0.003804835375396128,31.575
0.5,logistic,same,2.0,2.0,0.4166666666666652,-0.000254435354852293,0.4499166666666667,0.5031472459227917,0.003147245922791697,30.791666666666668
0.5,logistic,transfer,2.0,2.0,0.4291666666666685,0.00013926084494784532,0.45145833333333335,0.5032378420558855,0.003237842055885528,30.84583333333333
0.5,margin,same,2.0,2.0,1.0833333333333341,0.0008234171414426839,0.45649999999999996,0.5041423570910499,0.004142357091049968,30.683333333333334
0.6,confidence,same,2.0,2.0,0.0,0.0,0.5185,0.6040520176339322,0.004052017633932259,23.766666666666666
0.6,logistic,same,2.0,2.0,0.5666666666666598,0.0006726226350985224,0.5121666666666668,0.6046016039422355,0.0046016039422355215,23.200000000000006
0.6,logistic,transfer,2.0,2.0,0.6000000000000042,0.0010377386245536229,0.5131666666666667,0.6046933150731832,0.004693315073183287,22.991666666666664
0.6,margin,same,2.0,2.0,0.8833333333333323,0.0001136250745600309,0.5220833333333333,0.6049403541203316,0.0049403541203315955,22.941666666666666
0.7,confidence,same,2.0,2.0,0.0,0.0,0.5850833333333333,0.7050470634345,0.00504706343450001,16.875000000000004
0.7,logistic,same,2.0,2.0,0.46666666666666706,-0.0007953414134448019,0.5820833333333333,0.7053880592703851,0.005388059270385104,16.349999999999998
0.7,logistic,transfer,2.0,2.0,0.36666666666666886,-0.0010457164788763573,0.5824583333333333,0.7042346837753586,0.004234683775358572,16.34166666666666
0.7,margin,same,2.0,2.0,0.7000000000000006,-0.0008602526252605344,0.5855,0.704903721134841,0.004903721134841092,16.05
0.8,confidence,same,2.0,2.0,0.0,0.0,0.6219166666666667,0.8057445633454016,0.005744563345401447,11.508333333333331
0.8,logistic,same,2.0,2.0,0.11666666666667232,-0.000879607653976581,0.6274166666666666,0.8048287301304562,0.004828730130456149,11.799999999999999
0.8,logistic,transfer,2.0,2.0,0.17500000000000293,-0.0003312590025500069,0.6259166666666667,0.804975254193002,0.004975254193001932,11.470833333333331
0.8,margin,same,2.0,2.0,0.4166666666666689,-0.000883358680176675,0.63025,0.8040541867652582,0.0040541867652581125,11.391666666666666
0.9,confidence,same,2.0,2.0,0.0,0.0,0.7054166666666667,0.9031290058462456,0.0031290058462454993,9.091666666666663
0.9,logistic,same,2.0,2.0,0.008333333333336116,-0.0009847578204718044,0.7064166666666667,0.9020386584149259,0.002038658414925935,8.949999999999998
0.9,logistic,transfer,2.0,2.0,-0.02083333333333104,-0.0008879284823405756,0.7067083333333333,0.902198857607985,0.002198857607985031,9.00416666666667
0.9,margin,same,2.0,2.0,0.04166666666666948,-0.0005275592335770574,0.7073333333333333,0.9029670848996579,0.0029670848996578756,8.825000000000001
0.95,confidence,same,2.0,2.0,0.0,0.0,0.7123333333333334,0.9519631448936491,0.00196314489364909,7.1833333333333345
0.95,logistic,same,2.0,2.0,-0.008333333333336116,0.0003487487901041956,0.7120000000000001,0.9524236326828928,0.0024236326828928436,7.125
0.95,logistic,transfer,2.0,2.0,1.8503717077085944e-15,6.948660158551112e-05,0.7122916666666667,0.9520112230404091,0.0020112230404091456,7.083333333333336
0.95,margin,same,2.0,2.0,0.008333333333336116,-0.00012259625257278936,0.7123333333333334,0.951779951509812,0.0017799515098120648,7.0666666666666655
