arch,source,target,budget,minimum_target_accuracy,maximum_target_accuracy,canonical_target_accuracy,canonical_cost
convnext_femto,2,1,0.8,0.47930000000000106,0.7158,0.5448,0.4256547277101406
convnext_femto,3,1,0.8,0.4761000000000021,0.715,0.5433,0.4226693458239168
convnext_femto,1,2,0.8,0.47819999999999996,0.7161000000000001,0.542,0.4242108946319652
convnext_femto,3,2,0.8,0.47450000000000125,0.7131,0.5382,0.4226693458239168
convnext_femto,1,3,0.8,0.4643000000000015,0.7104,0.5272,0.4242108946319652
convnext_femto,2,3,0.8,0.46499999999999997,0.7082,0.5282,0.4256547277101406
mixer_nano,2,1,0.8,0.29400000000000004,0.6551,0.3626,0.4456001621789645
mixer_nano,3,1,0.8,0.30160000000000164,0.6587,0.3618,0.4700250926897832
mixer_nano,1,2,0.8,0.453600000000002,0.672299999999997,0.5044,0.4896173495452232
mixer_nano,3,2,0.8,0.42320000000000146,0.6758,0.48,0.4700250926897832
mixer_nano,1,3,0.8,0.3284000000000013,0.6613000000000001,0.373,0.4896173495452232
mixer_nano,2,3,0.8,0.2795000000000019,0.6612,0.3281,0.4456001621789645
mobilenetv2,2,1,0.8,0.5024000000000022,0.7502999999999975,0.5621,0.4678185950341171
mobilenetv2,3,1,0.8,0.5046000000000013,0.7503999999999961,0.56,0.4730209309286619
mobilenetv2,1,2,0.8,0.4839000000000023,0.7489999999999972,0.5443,0.4646757058830367
mobilenetv2,3,2,0.8,0.48650000000000176,0.7482999999999976,0.5428,0.4730209309286619
mobilenetv2,1,3,0.8,0.4779000000000021,0.7494999999999963,0.5323,0.4646757058830367
mobilenetv2,2,3,0.8,0.47800000000000276,0.7486999999999959,0.5314,0.4678185950341171
resnet110,2,1,0.8,0.5111,0.7699,0.5505,0.5782125025912919
resnet110,3,1,0.8,0.5462000000000016,0.7710000000000001,0.5885,0.5943022639548018
resnet110,1,2,0.8,0.493300000000003,0.781,0.5407,0.5697504285364686
resnet110,3,2,0.8,0.5294000000000018,0.780099999999997,0.5748,0.5943022639548018
resnet110,1,3,0.8,0.47580000000000156,0.7816999999999967,0.5213,0.5697504285364686
resnet110,2,3,0.8,0.4739,0.7797000000000001,0.5166,0.5782125025912919
resnet20,2,1,0.8,0.4598000000000024,0.7424999999999973,0.5065,0.5542120599690182
resnet20,3,1,0.8,0.4996000000000023,0.7443,0.5451,0.5661936471849933
resnet20,1,2,0.8,0.5079000000000019,0.7408999999999999,0.5545,0.5667463685880751
resnet20,3,2,0.8,0.5161,0.7426999999999999,0.5652,0.5661936471849933
resnet20,1,3,0.8,0.4897000000000025,0.7415999999999972,0.5418,0.5667463685880751
resnet20,2,3,0.8,0.46110000000000195,0.7415999999999999,0.5132,0.5542120599690182
resnet32x4,2,1,0.8,0.5714000000000021,0.8299000000000002,0.6201,0.4784504344379336
resnet32x4,3,1,0.8,0.5939000000000014,0.8335000000000001,0.6391,0.5017169307344422
resnet32x4,1,2,0.8,0.4865000000000021,0.7622,0.5424,0.5083130254731443
resnet32x4,3,2,0.8,0.4780000000000027,0.762699999999997,0.5356,0.5017169307344422
resnet32x4,1,3,0.8,0.6034000000000022,0.8348999999999965,0.6521,0.5083130254731443
resnet32x4,2,3,0.8,0.5751,0.8317999999999999,0.625,0.4784504344379336
resnet56,2,1,0.8,0.5329999999999999,0.7796999999999998,0.5788,0.5649963651585322
resnet56,3,1,0.8,0.5285,0.7799999999999964,0.5764,0.5633918246730113
resnet56,1,2,0.8,0.48800000000000215,0.7724999999999964,0.5288,0.5587931906458344
resnet56,3,2,0.8,0.5017000000000023,0.7741999999999958,0.5433,0.5633918246730113
resnet56,1,3,0.8,0.4942000000000018,0.7763000000000002,0.5426,0.5587931906458344
resnet56,2,3,0.8,0.5114000000000016,0.7776999999999972,0.5611,0.5649963651585322
resnet8x4,2,1,0.8,0.5909,0.7623,0.6171,0.5279440352482911
resnet8x4,3,1,0.8,0.5897999999999998,0.7592,0.616,0.5291811515017042
resnet8x4,1,2,0.8,0.5848000000000001,0.7626,0.6114,0.5270603510653378
resnet8x4,3,2,0.8,0.595,0.7626000000000001,0.6207,0.5291811515017042
resnet8x4,1,3,0.8,0.5759,0.7586999999999999,0.6087,0.5270603510653378
resnet8x4,2,3,0.8,0.5881999999999997,0.7618,0.6185,0.5279440352482911
shufflenetv2,2,1,0.8,0.467700000000002,0.7676,0.5235,0.4033774509720436
shufflenetv2,3,1,0.8,0.48470000000000224,0.7682000000000001,0.549,0.4076372637660056
shufflenetv2,1,2,0.8,0.4579000000000021,0.7711000000000001,0.5216,0.3979534997615662
shufflenetv2,3,2,0.8,0.4861000000000024,0.7694999999999967,0.5506,0.4076372637660056
shufflenetv2,1,3,0.8,0.45370000000000243,0.7681999999999968,0.5163,0.3979534997615662
shufflenetv2,2,3,0.8,0.4672000000000024,0.7660000000000001,0.5351,0.4033774509720436
vgg13,2,1,0.8,0.5764000000000014,0.8161,0.6231,0.4376749163534594
vgg13,3,1,0.8,0.6090000000000018,0.817599999999997,0.6577,0.4693684895856693
vgg13,1,2,0.8,0.5108000000000015,0.7583999999999971,0.5799,0.4667883738036077
vgg13,3,2,0.8,0.5136000000000015,0.7574000000000002,0.5812,0.4693684895856693
vgg13,1,3,0.8,0.6004000000000012,0.8220999999999998,0.6541,0.4667883738036077
vgg13,2,3,0.8,0.5757000000000014,0.8196000000000001,0.6239,0.4376749163534594
vgg8,2,1,0.8,0.5646000000000031,0.7748,0.6146,0.3630714440337909
vgg8,3,1,0.8,0.5675000000000022,0.7758999999999999,0.6176,0.3628485978277266
vgg8,1,2,0.8,0.5677000000000022,0.776399999999997,0.6194,0.3634058877658772
vgg8,3,2,0.8,0.5719000000000031,0.7768999999999999,0.6243,0.3628485978277266
vgg8,1,3,0.8,0.5669000000000028,0.7760999999999972,0.6185,0.3634058877658772
vgg8,2,3,0.8,0.5679000000000025,0.7754999999999967,0.6189,0.3630714440337909
vit_tiny,2,1,0.8,0.3943000000000018,0.6666000000000001,0.453,0.3013248606337194
vit_tiny,3,1,0.8,0.40120000000000144,0.6675,0.4655,0.3076719909881286
vit_tiny,1,2,0.8,0.4394000000000006,0.6787,0.507,0.3140108026920078
vit_tiny,3,2,0.8,0.44840000000000113,0.6816,0.5131,0.3076719909881286
vit_tiny,1,3,0.8,0.4533000000000016,0.6922999999999999,0.5176,0.3140108026920078
vit_tiny,2,3,0.8,0.45050000000000157,0.6943,0.5132,0.3013248606337194
wrn_16_2,2,1,0.8,0.5040000000000018,0.7716999999999974,0.5496,0.5184986131434908
wrn_16_2,3,1,0.8,0.5236000000000016,0.7712000000000001,0.5692,0.5538985816240247
wrn_16_2,1,2,0.8,0.4271000000000026,0.7061999999999967,0.471,0.5463839317812422
wrn_16_2,3,2,0.8,0.4330000000000022,0.7067999999999955,0.4761,0.5538985816240247
wrn_16_2,1,3,0.8,0.5132000000000001,0.7750999999999961,0.5593,0.5463839317812422
wrn_16_2,2,3,0.8,0.5054000000000013,0.7761999999999967,0.552,0.5184986131434908
wrn_40_1,2,1,0.8,0.48610000000000303,0.7639999999999963,0.5292,0.5754333531077006
wrn_40_1,3,1,0.8,0.44770000000000154,0.7614000000000002,0.4895,0.5264207810670166
wrn_40_1,1,2,0.8,0.49760000000000354,0.7614999999999967,0.542,0.5818599112612461
wrn_40_1,3,2,0.8,0.45050000000000145,0.7575999999999999,0.4963,0.5264207810670166
wrn_40_1,1,3,0.8,0.4230000000000024,0.6772999999999956,0.4709,0.5818599112612461
wrn_40_1,2,3,0.8,0.4196000000000022,0.6759999999999953,0.4693,0.5754333531077006
wrn_40_2,2,1,0.8,0.5545000000000027,0.8018000000000001,0.6023,0.5626784865948287
wrn_40_2,3,1,0.8,0.5499000000000037,0.7993999999999964,0.6007,0.5592824677080321
wrn_40_2,1,2,0.8,0.5520000000000024,0.8143999999999979,0.5957,0.555340240753909
wrn_40_2,3,2,0.8,0.5588000000000012,0.8102000000000001,0.6054,0.5592824677080321
wrn_40_2,1,3,0.8,0.5430000000000017,0.8031999999999975,0.5894,0.555340240753909
wrn_40_2,2,3,0.8,0.5559000000000017,0.8014000000000001,0.5991,0.5626784865948287
